headline,label,prediction,correct
currently it operates a fleet of eight carriers as well as nine pushers and barges,neutral,positive,False
the podcast sees harple provide the low down on gypsii s platform which takes someone s location and demographic information to produce a contextual index of the world around them,neutral,negative,False
fancy dans on the move fab glasgow gift and interiors store fancy dans is moving,neutral,positive,False
the second quarter of 2010 was the firstquarter with growth in net sales since the third quarter of2008 said magnus rosen ramirent ceo,positive,positive,True
a in august 2007 latvijas finieris ordered all production lines for a new green veneer mill to be built in ukmerge central lithuania,neutral,neutral,True
operating profit decreased to nearly eur 1 7 mn however,negative,positive,False
this resulted in improved sales figures in sweden,positive,positive,True
the product advisory does not apply to any other nokia branded battery the company said,neutral,neutral,True
den bosch based tomtom is europe s largest maker of automotive navigation devices while cayman islands based garmin is larger in the u s and overall,neutral,neutral,True
swedish engineering consultant firm etteplan is to establish a unit in town borl+ñnge by the turn of the month march april 2008,neutral,neutral,True
the six breweries recorded a 5 2 percent growth in domestic beer sales last year to 270 21 million liters from 256 88 million liters sold in 2005,positive,positive,True
sports equipment sales also progressed well owing to the prolonged winter season,positive,positive,True
another firm air liquide was exempted because it left the market in 1998,neutral,neutral,True
the deal will have no significant effect on the acquiring company s equity ratio,neutral,negative,False
it has some 30 offices worldwide and more than 90 pct of its net sales are generated outside finland,neutral,neutral,True
the purchase price was not disclosed,neutral,neutral,True
finnish food company raisio oyj hel : raivv said on friday it has wrapped up the divestment of its margarine operations to us sector player bunge ltd nyse : bg for eur80m usd119 2 m,neutral,neutral,True
the company s board of directors will propose a dividend of eur 0 95 per share for 2008 at the annual general meeting scheduled to be held on march 23 2009,neutral,positive,False
viking line manages well with its current ferries,positive,positive,True
with the new production plant the company would increase its capacity to meet the expected increase in demand and would improve the use of raw materials and therefore increase the production profitability,positive,positive,True
to be number one means creating added value for stakeholders in everything we do,neutral,positive,False
the enterprise value of maritim food as has been determined as approximately eur15m,neutral,positive,False
the tightened competition situation in the production automation market has affected net sales during 2006 cencorp said,negative,negative,True
revenues at the same time grew 14 percent to 43 million euros,positive,neutral,False
the eb tough voip field phone is equipped with an integrated speaker ethernet and shdsl connectivity and enables several innovative applications,neutral,positive,False
ruukki forecast a 15 20 annual sales growth and a positive pretax result for 2010,positive,positive,True
westpac banking corp is to issue a benchmark 3 year frn deal in euros,neutral,neutral,True
the bond with a maturity of five years is part of the bank s domestic bond program,neutral,neutral,True
mformation and nokia noted they have established interoperability agreements that cover commercially proven standards based management of mobile devices as well as mobile device security and mobile application management,positive,positive,True
joint procurement will be later extended to the factories in the baltic countries,neutral,neutral,True
operating profit of kauppalehti group rose to eur 1 5 mn from eur 1 3 mn and that of marketplaces to eur 1 3 mn from eur 1 0 mn in the third quarter of 2006,positive,positive,True
kesko offers hilton to open a hotel on kalinisky prospect in a 18 000 square metres building because of these difficulties,neutral,neutral,True
the share subscription period for c options will commence on 1 september 2008 and expire on 31 march 2011,neutral,positive,False
ruukki s delivery volumes and selling prices showed favourable development and the company s comparable net sales grew by 50 year on year to eur647m ceo sakari tamminen said,positive,neutral,False
rautakesko s business operations in norway and russia acquired in july 2005 are included in the figures of the comparable period impacting sales growth starting from august,neutral,positive,False
aspokem posted an operating profit of 2 7 mln euro $ 3 5 mln and net sales of 89 1 mln euro $ 116 8 mln in 2006,neutral,positive,False
due to pirkka beer olvi s brewery in iisalmi is moving to 7 day 24 hour work shifts,neutral,neutral,True
when the product is manufactured in finland it is also packed in the country,neutral,neutral,True
the stable outlook reflects nokia s strong market position in the global mobile handset market strong cash flow generation and very conservative balance sheet said raab,positive,positive,True
featuring the s60 user interface this 135 gram model also comes with a 2 4 inch quarter vga display and 100 megabytes of internal memory expandable through the micro secure digital slot,neutral,positive,False
poyry plc additional information by : heikki malinen president and ceo poyry plc tel +358 10 33 21307 poyry is a global expert in consulting and engineering,neutral,neutral,True
the ebrd is using its own funds to provide a 21 6 mln a loan while the b portion of 10 mln euros has been syndicated to two finnish commercial banks nordea bank finland plc 7 7 mln euros and pohjola bank plc 2 3 mln euros,neutral,neutral,True
olvi which controls a 94 percent stake in ragutis through a le coq said in its annual report published earlier this year that the lithuanian brewery s sales reached 15 04 million euros last year a rise of 20 4 percent from 12 49 million euros in 2004,positive,positive,True
chs expo freight is a major finnish fair exhibition and culture logistics company that provides logistics services to various events by land air and sea,neutral,positive,False
the report examines the medical equipment business structure and operations history and products and provides an analysis of its key medical equipment revenue lines,neutral,neutral,True
after 1 april 2007 cencorp will not have any own employees in the territory,neutral,neutral,True
net sales in 2008 are expected to be on the same level as in 2007,neutral,neutral,True
diluted earnings per share eps stood at eur 0 25 versus eur 0 42,negative,positive,False
the financial impact is estimated to be some 1 5 meur annual improvement in the division s result starting from fiscal year 2007,positive,positive,True
finnish electronics manufacturing services company elcoteq signing a cooperation agreement with a japanese mobile phone manufacturer bypasses elcoteq tallinn says jan kotka ceo of elcoteq tallinn,positive,positive,True
this will bring cost savings of about eur 3mn a year,positive,neutral,False
no financial details were disclosed,neutral,negative,False
our in depth expertise extends to the fields of energy industry urban & mobility and water & environment,neutral,positive,False
the company s profit totaled ls 134 700,neutral,positive,False
the other actions include the cutting of the expensive weekend shifts the freezing of the production bonus system and by a general cost cutting program,neutral,positive,False
technopolis has approximately 130 customer companies in jyvaskyla,neutral,neutral,True
the sellers were the founders of the company,neutral,neutral,True
cash flow from business operations totalled eur 0 4 mn compared to a negative eur 15 5 mn in the first half of 2008,positive,negative,False
it projected revenue of $ 2 2 billion to $ 2 3 billion slightly higher than analyst estimates of $ 2 19 billion,positive,neutral,False
18 may 2010 finnish electronics producer elcoteq se hel : elqav said today that it has signed an extensive cooperation agreement on industrialisation manufacturing distribution and after market services for mobile phones with japan s sharp tyo : 6753,positive,positive,True
the sale will result in a capital loss of eur5m for solidium which obtained tikkurila shares in march 2010,negative,neutral,False
helsinki thomson financial shares in cargotec fell sharply in early afternoon trade after the cargo handling group posted a surprise drop in april june profits which overshadowed the large number of new orders received during the three months,negative,positive,False
again the most significant sales increase of 18 6 was in russia,positive,positive,True
nordstjernan will make the offer in approximately one month in september 2007,neutral,neutral,True
master of mayawas jointly developed by nokia siemens networks and ufa fremantlemedia and will be actively advertised by maxis in the end of may 2007,neutral,positive,False
cargo volume increased by approximately 5,positive,positive,True
the value of the contracts is about eur 3 3 mn,neutral,positive,False
this solution is an extension to the existing online mediation solution delivered earlier by comptel and ibm,neutral,positive,False
agricultural newspaper maaseudun tulevaisuus had 318 000 readers representing a decrease of 6,negative,neutral,False
the contract covers turnkey deliveries to all five airports operated by the authority john f kennedy laguardia newark teterboro and stewart international,neutral,positive,False
this is the company s first contract abroad,neutral,neutral,True
the size of a cider bottle will remain unchanged,neutral,neutral,True
earnings per share eps in 2005 decreased to eur1 87 from eur1 89 in 2003,negative,positive,False
outotec oyj press release february 19 2008 at 11 00 am outotec has won two large minerals processing technology orders from mirabela mineracao do brasil ltda brazil and from cumerio med jsco bulgaria,positive,positive,True
the plan is estimated to generate some eur 5 million usd 6 5 m in cost savings on an annual basis,positive,neutral,False
29 september 2010 finnish waste management and recycling company lassila & tikanoja expands its operations in russia by introducing its recently completed recycling plant in the city of dubna near moscow,positive,negative,False
tikkurila a division of kemira group controls about 23 of the russian market in its field and owns st petersburg paint producer tex,neutral,neutral,True
the value of this kind of order amounts usually between euro 2 and 3 million,neutral,positive,False
comparable operating profit decreased to eur 13 8 mn from eur 17 1 mn in the corresponding period in 2005,negative,positive,False
efficiency improvement measures 20 january 2010 finnish stationery and gift retailer tiimari hel : tii1v said today that it will continue to improve its operational efficiency by focusing on its profitable core operations,positive,positive,True
finnish lifting equipment maker kone oyj said on october 4 2007 it won an order worth 15 mln euro $ 21 2 mln to deliver a total of 53 custom designed elevators to norwegian shipbuilder aker yards asa,positive,positive,True
auburn s sales in 2007 were cad 41 million approximately eur 27 million and the company employs some 150 people,neutral,neutral,True
in the spring 2006 a total of 386 530 stock options 2002 b were annulled,neutral,neutral,True
it will focus on improving its profitability next year by streamlining operations,positive,positive,True
professional and consumer applications include personal navigation personal safety field and workflow management and asset tracking,neutral,positive,False
according to ceo matti perkonoja of the parent company hkscan the company s performance in the first quarter of 2010 has remained clearly below the level of the corresponding period in 2009,negative,positive,False
the electricity requirement of networks will grow with the new mobile generation,neutral,neutral,True
panostaja oyj s board also decided at its organisational meeting held upon completion of the agm to implement the agm decision concerning board member fees paid as shares in such a way that shares are transferred on a quarterly basis on the date following publication of the quarterly annual report,neutral,positive,False
capitex kalmar will continue to be responsible for the maintenance and technical development of the services,neutral,positive,False
elisa corporation will disclose its financial statements for 2006 on thursday 8 february 2007,neutral,neutral,True
the first phase will be completed by the end of 2012,neutral,neutral,True
for the last quarter of 2010 componenta s net sales doubled to eur131m from eur76m for the same period a year earlier while it moved to a zero pre tax profit from a pre tax loss of eur7m,positive,positive,True
payment of shares shall be effected on subscription,neutral,positive,False
the new structure provides better communication faster decision making and cost savings proha said,positive,positive,True
in the end of 2006 the number of outlets will rise to 60 70,positive,positive,True
sales came in at 241 mln eur compared with 211 4 mln and also beating consensus forecasts of 235 mln eur,positive,negative,False
alexandria va may 23 matti harkonen and pentti sipponen both of espoo finland osmo suovaniemi of helsinki finland and tapani tiusanen of vantaa finland have developed a paper web press device,neutral,neutral,True
news corp s myspace com web site will display submissions for the expanded broadband emmy awards as part of an effort to identify aspiring video artists,neutral,positive,False
operating profit was eur 0 1 mn down from eur 1 3 mn,negative,positive,False
it is the last smartphone running maemo 5 which is to be replaced with meego a joint project between nokia intel and the open source community,neutral,neutral,True
koff s market share of the volume of the market was 23 4 karhu s 21 4,neutral,positive,False
fiskars has a strong portfolio of international brands which include fiskars iittala gerber silva and buster,positive,positive,True
based in helsinki finland ramirent has branches in 13 nordic central and eastern european countries,neutral,neutral,True
the deal was worth about eur 1 2 mn,neutral,positive,False
these include software development for internet and mobile telephone content communications value added software financial services security applications systems integration and electronics ebrd informed,neutral,positive,False
why put up costly cell phone towers in thinly populated areas when a few balloons would do,neutral,negative,False
delivery is due in the second half of 2011,neutral,neutral,True
solidium picked up tikkurila shares as a dividend at a book value of eur15 80 per share,neutral,positive,False
equipment will be manufactured in vaahto s workshop in hollola finland and is scheduled for shipments during the first quarter of 2009,neutral,neutral,True
order intake grew by 40 year on year and 30 year on year respectively to eur 576 million and eur 1 7 billion for the respective january september and july september 2010 periods,positive,positive,True
the value of the three year contract is estimated at eur40m,neutral,positive,False
com and possibly also through photo msn,neutral,neutral,True
industry in asia +ó pakistan malaysia taiwan and philippines today global research & data services is going to publish several market analyses about the cement markets in asia,neutral,neutral,True
operating profit totaled eur 37 7 mn up slightly from eur 37 2 mn in the corresponding period in 2006,positive,positive,True
significance : teleste has emphasised that with its large size and growing economy as well as the rapid development of its tv services distribution industry poland is viewed as an attractive market,positive,positive,True
he is resting comfortably and is looking forward to getting back to work,neutral,positive,False
oka specialises in new construction renovation work of residential and non residential building as well as premises for industrial and logistical use,neutral,positive,False
the company closed last year with a turnover of about four million euros,neutral,neutral,True
both operating profit and net sales for the six month period increased respectively from eur18 1 m and eur127 6 m as compared to the corresponding period in 2006,positive,positive,True
the recruits who have completed the k retailer trainee program are qualified to start a career as independent retailers in k stores,neutral,neutral,True
its board of directors will propose a dividend of eur0 12 per share for 2010 up from the eur0 08 per share paid in 2009,positive,positive,True
the soapstone deposits in the medvezhyegorsk area are expected to increase tulikivi s current reserves considerably,positive,positive,True
via the agreement ramirent will expand the range of equipment and services it delivers to destia ramirent finland s managing director kari aulasmaa said,positive,positive,True
rautaruukki corporation stock exchange release 3 december 2009 at 12 noon ruukki s construction and engineering divisions are to further improve and adjust their operations in finland,positive,positive,True
the company expects its net sales for the whole of 2007 to be eur 950mn 1 000 mn,neutral,neutral,True
in the third quarter net sales increased by 12 year on year to eur 159 5 million or by 6 at comparable currency rates growth,positive,positive,True
the measures result from the statutory joint negotiations with employees which started in february and concerned all operations in the country,neutral,neutral,True
validating our fgvoip client through symbian signed represents a significant step forward in accomplishing this goal,positive,positive,True
tecnomen s system features a new range of value added services for prepaid and post paid billing charging and rating of voice calls data traffic or any kind of content services in both mobile and fixed networks,neutral,positive,False
rautaruukki said construction group yit has awarded it a 2 5 mln eur contract to supply the steel structures for a new bridge spanning the kemijoki river in northern finland,positive,positive,True
the transaction is expected to be completed next spring,neutral,neutral,True
major order in india comptel corporation has received a significant long term order for mediation and provisioning solutions being used by a leading operator in india,positive,positive,True
orion s net profit for the third quarter of 2007 decreased to 36 5 mln euro $ 52 1 mln from 40 3 mln euro $ 57 5 mln a year earlier,negative,positive,False
when this investment is in place atria plans to expand into the moscow market,neutral,positive,False
u s based t corp is in talks with scandinavian telecoms company teliasonera to sell its stake in uzbek cellular operator coscom an executive at coscom told interfax,neutral,neutral,True
the omx helsinki index was down 0 34 pct at 8 256 02 on turnover of 813 191 mln eur,negative,neutral,False
according to acnielsen s scantrack study for the period week 10 of 2005 to week 9 of 2006 coca cola is the market leader in soft drinks in finland,positive,neutral,False
the order also includes extensive maintenance work of a shoe press delivered by vaahto in 2001,neutral,neutral,True
finnlines will announce in week 17 of 2006 what measures it will take to tackle the situation,neutral,neutral,True
in finland op pohjola s staff union is boycotting the group s insurance sales tasks because the company has refused to take the sale of insurance into account in determining wages,negative,negative,True
the company reported net sales of eur550m in 2005 and had some 3 200 employees,neutral,neutral,True
the acquisition will have an immediate positive impact on aspocomp s financial result,positive,positive,True
the customer is then forwarded to the site and unknown to him logged in with the first number,neutral,positive,False
body the credit falls due february 24 2014,neutral,positive,False
vanhanen said the strike would be extremely damaging as some 1 300 participants and reporters begin to arrive in finland for the one day eu summit with russian president vladimir putin in lahti about 100 kilometers 60 miles north of helsinki,negative,negative,True
bm4 middle layer headbox will be equipped with a dilution control system,neutral,neutral,True
under the agreement benefon s forthcoming range of twig integrated gps navigation and mobile phone devices will use the jointly developed web based tracking and location technology in both consumer and commercial applications,neutral,positive,False
the company expects sales revenue of rmb8 0 billion in 2009,neutral,neutral,True
the dismissed staff members will now take the matter to court unless it can be settled outside,negative,neutral,False
operating profit rose to eur 3 2 mn from eur 1 0 mn in the corresponding period in 2008,positive,positive,True
the agreement is valid for four years,neutral,positive,False
the company reported net sales of 302 mln euro $ 441 6 mln and an operating margin of 16 pct in 2006,neutral,neutral,True
industry investment is very interested in glaston s solar energy projects,positive,positive,True
the sellers were eoss innovationsmanagement and a group of private individuals,neutral,neutral,True
savon koulutuskuntayhtyma finland based company has awarded contract for specialist agricultural or forestry machinery,positive,positive,True
the wireless industry is bracing itself for the iphone which will launch on june 29,neutral,neutral,True
finnish electronics manufacturing services ems company elcoteq se posted a net loss of 66 4 mln euro $ 91 2 mln for the first half of 2007 compared to a net profit of 7 1 mln euro $ 9 8 mln for the same period of 2006,negative,positive,False
deliveries of nokia 1112 nokia 2310 and nokia 2610 are expected to start in the second quarter of 2006,neutral,neutral,True
the forecast for 2012 is 3 3,neutral,neutral,True
the fair value of the property portfolio doubled as a result of the kapiteeli acquisition and totalled eur 2 686 2 1 259 7 million,positive,positive,True
the fair value of the investment properties totaled eur 2 534 9 mn up from eur 2 455 1 mn in 2006,positive,positive,True
because we re a pension insurance company we re required to diversify and not put too much in one asset class,neutral,positive,False
srv lowered its net sales estimate for the whole of 2008 due to uncertainties in housing sales,negative,negative,True
neste oil s refineries have a combined crude oil refining capacity of approximately 260 000 barrels a day,neutral,negative,False
the second company acquired is sweden s reftele maskinservice ab whose business is mainly field services and spare parts manufacturing with 10 employees and 1 2 mln eur sales a year,neutral,neutral,True
operating profits in the half were 0 8 m down from 0 9 m as glisten invested in the brand and the management team,negative,positive,False
october december sales were 302 mln eur or a 25 3 pct increase year on year,positive,positive,True
capital expenditure on energy efficiency has unfortunately fallen along with the decline in the economy,negative,negative,True
the company said that the results of the third quarter do not include non recurring items,neutral,neutral,True
net sales decreased to eur 220 5 mn from eur 470 0 mn in the corresponding period in 2009,negative,neutral,False
soon after the collisions started,neutral,negative,False
this is a significant milestone for benefon helping us to secure critical usp s for our personal navigation product roadmap for 2007 and beyond commented simon button chief technology officer at benefon,positive,positive,True
it will also strengthen ruukki s offshore business,positive,positive,True
profit for the period totalled eur 0 8 mn down from eur 1 1 mn in the corresponding period in 2008,negative,positive,False
the study evaluated the safety tolerability and pharmacokinetics of repeated doses of intravenously administered antibody in 26 patients with active plaque psoriasis,neutral,positive,False
overall we re pleased with the startup curve and we re pleased with the quality of the paper stora spokeswoman patricia dietz said tuesday,positive,positive,True
kemira shares closed at x20ac 16 66 $ 22us 71,neutral,positive,False
comparable operating profit totaled eur 4 7 mn down from eur 5 1 mn in the corresponding period in 2005 representing 7 4 of net sales,negative,positive,False
in january traffic measured in revenue passenger kilometres rpk went up by 3 2 and capacity measured in available seat kilometres ask rose by 12 2,positive,neutral,False
the company has delivered the technical infrastructure used by nav for their data warehouse and business intelligence initiatives,neutral,positive,False
the reasons behind the estimate include the rise in 2008 rent levels and several fully leased office and retail properties which were completed and added to the company s investment property portfolio,neutral,neutral,True
that would be an increase from estimated sales of 117 million last year,positive,positive,True
operating profit for the 12 month period decreased from eur17 9 m while net sales increased from eur58 3 m as compared to 2007,negative,positive,False
adp news feb 13 2009 finnish retailer kesko oyj hel : kesbv said today its total sales excluding value added tax vat stood at eur 661 3 million usd 853 1 m in january 2009 down 15 2 year on yea,negative,positive,False
yit corporation sept 24 2007 at 13:30 corporate release stock exchange release yit s capital markets day in london sept 26 2007 on wednesday september 26 2007 yit will hold a capital markets day for investors and analysts in london,neutral,neutral,True
the company is presently examining whether the project would be financially feasible,neutral,neutral,True
kone s net sales rose by some 14 year on year in the first nine months of 2008,positive,neutral,False
completion of the transaction is subject to a final agreement and a due diligence process,neutral,positive,False
with sales of $ 12 7 billion over the last twelve months ending october 2010 and over 9 200 stores in 35 states dollar general is the nation s largest small box discount retailer,neutral,neutral,True
eq bank forecasts olvi s net sales at eur 67mn in the second quarter of 2009 and operating profit at eur 6 4 mn,neutral,positive,False
our superior customer centricity and expertise in digital services set us apart from our competitors,positive,positive,True
the works will include the laying of natural stone pavements and the installation of underground heating and surface water drainage systems,neutral,positive,False
finnish software developer done solutions oyj said its net profit increased to 3 5 mln euro $ 4 6 mln in 2006 from 2 3 mln euro $ 3 0 mln in 2005,positive,positive,True
adp news feb 11 2009 finnish management software solutions provider ixonos oyj hel : xns1v said today its net profit rose to eur 3 5 million usd 4 5 m for 2008 from eur 3 1 million for 2007,positive,positive,True
no financial information was provided,neutral,negative,False
the construction project is scheduled to start in the second quarter of 2009 and the new building is scheduled to be in place by the end of 2010,neutral,neutral,True
the company had net sales of eur 10 8 million in 2008 and today has approximately 120 employees in finland estonia and poland,neutral,neutral,True
the duration of the contract is 37 months,neutral,neutral,True
a total of 38 244 new citycon shares with a nominal value of eur 1 35 per share were subscribed on 19 april exercising the a b c options based on the company s stock option plan 1999,neutral,positive,False
the total value of the deal is usd 29mn,neutral,positive,False
profit of the accounting period was eur 0 3 mn,neutral,positive,False
the order includes a new crecent former headbox and reel,neutral,neutral,True
our customers come from the following countries : uk usa spain france italy germany china hong kong sweden norway netherlands austria belgium switzerland czech republic finland canada russia ukraine denmark ireland south korea and liechtenstein,neutral,neutral,True
eur 220 million of the transaction consideration was paid in the form of four year interest bearing vendor notes,neutral,positive,False
at the request of finnish media company alma media s newspapers research manager jari kaivo oja at the finland futures research centre at the turku school of economics has drawn up a future scenario for finland s national economy by using a model developed by the university of denver,neutral,neutral,True
argentine agricultural export company calafate has tapped compatriot firm finnegans for a software solution the latter company said in a statement,neutral,positive,False
mr bakman sees also expansion options on the tallinn helisnki link claiming however that operating the link with only a single ship is not enough,neutral,neutral,True
no financial or pricing details were disclosed,neutral,negative,False
also lemmink+ñinen s profit for accounting period went up to eur 3 1 mn from eur 24 5 mn a year ago,positive,positive,True
finnish honkarakenne that specialises in the building of log houses is planning to use pine from russian karelia,neutral,neutral,True
tekla group s net sales for 2005 were approximately 38 million euros,neutral,neutral,True
the inventor was issued u s patent no,neutral,negative,False
honkarakenne mainly exports large luxury log houses to russia to be used as one family houses or holiday homes ; 70 of sales go to the moscow region about 20 to the st petersburg region and the remainder to other locations,neutral,positive,False
aker yards finland will begin using chinese subcontractors at its finnish shipyards,neutral,neutral,True
the executive said that countries such as brazil chile argentina and mexico will lead the adoption in the business ethernet services segment while brazil and mexico will be the early adopters of carrier ethernet for mobile backhaul,neutral,neutral,True
the company did not distribute a dividend in 2005,neutral,neutral,True
karppinen expects the consolidation trend to continue in the finnish market,neutral,neutral,True
scopi chief business excellence officer eng,neutral,positive,False
operating profit totaled eur 3 8 mn down from eur 4 5 mn in the corresponding period in 2005,negative,positive,False
sampo group that has become a major shareholder in nordea owns trygvesta s main competitor if p & c insurance,neutral,neutral,True
elcoteq dongguan was established in 1999 in the nancheng district of dongguan china and is one of elcoteq s four volume manufacturing plants in the asia pacific region,neutral,neutral,True
upm kymmene www upm kymmene com produces magazine papers and newsprint as well as fine and specialty papers converting materials and wood products,neutral,positive,False
the group s consolidated net sales for 2008 totaled 3 4 billion euros and it employs approximately 13 000 persons,neutral,neutral,True
it grew in finland norway denmark and the baltic countries,neutral,neutral,True
terms of the acquisition were not disclosed,neutral,neutral,True
sales rose to 300 9 mln eur compared with last year s 276 1 mln eur and in line with 299 mln eur consensus figure,positive,neutral,False
the first stage of the contract covers 133 stores and 600 cash registers,neutral,neutral,True
the finnish national carrier said net loss in april through june was euro26 million down from a net profit of euro13 million a year earlier,negative,positive,False
ssh establishes new global sales and marketing group to be led by george adams ; adams establishes global sales and marketing group to drive worldwide programs supporting ssh tectia enterprise security solutions,neutral,positive,False
finnish bank of +àland reports its operating profit fell to eur 4 9 mn in the third quarter of 2007 from eur 5 6 mn in the third quarter of 2006,negative,positive,False
the ea reng group posted sales of approximately 84 million kroons for 2007,neutral,neutral,True
this will be done domestically and in neighboring markets both organically and through acquisitions,neutral,neutral,True
128 538 shares can still be subscribed for with series e share options max,neutral,positive,False
separately yit corporation and austrian firm e ag last week signed an agreement on the sale of e s building system service business in germany austria poland the czech republic hungary and romania for eur 55 mln,positive,positive,True
ragutis controlled by the finnish brewery olvi achieved a 5 7 percent rise in beer sales to 22 6 million liters and held a 10 75 percent market share,positive,positive,True
fortum needs a clear signal of commitment from the government that the permit is available before the company will start the next round kuula says,neutral,positive,False
these financing arrangements will enable the company to ensure in line with its treasury policy that it has sufficient financial instruments at its disposal for its potential capital requirements,positive,positive,True
an of the invention released by the patent office said : the chambers are pressurized,neutral,neutral,True
the air traffic of finland has been in stoppage since then,negative,neutral,False
method and system for controlling a hard disk drive using a multimediacard physical interface was invented by marko ahvenainen ruutana finland,neutral,negative,False
operating profit decreased to eur 11 2 mn from eur 16 6 mn,negative,positive,False
yit lodged counter claims against neste oil totaling some eur25m primarily based on work carried out under the contract and additional costs incurred due to prolongation of the project,negative,neutral,False
lcs s services cover the whole life cycle of software and information systems from process modelling and tailored software development to hosting services solution management maintenance and support,neutral,positive,False
the recruitment is related to the relocation of stora enso s research operations to karlstad central sweden,neutral,neutral,True
catalysts segment includes refinery catalysts and polyolefin catalysts product categories,neutral,neutral,True
the facility will have a lettable area of some 19 000 sq m the plot for the plant located in the ratasmaki business park will be purchased from the city of forssa,neutral,neutral,True
an earn out payment of up to 4 0 mln euro $ 5 3 mln can also be paid depending on intellibis financial performance in 2007,neutral,neutral,True
the device offers multimedia performance along with a host of productivity applications including live stock prices,neutral,neutral,True
in a release the company said that vocollect t2 customers in north america can now take advantage of its voice directed warehousing solution and increase warehouse efficiency and productivity gains at a discounted price,positive,positive,True
it includes options for additional 30 communal building sites as well as construction supervision works for all construction sites,neutral,positive,False
utah s capital wanted to be the next u s headquarters of amer sports corp a ski equipment company,neutral,neutral,True
the industry is coming to an interesting fork in the road as both handset manufacturers and wireless carriers attempt to serve as the portal for web based service to your wireless handset he wrote,neutral,positive,False
meanwhile alfa owns 25 1 of megafon through altimo and 4 99 of turkcell via an 18 5 stake in cukurova holding,neutral,neutral,True
fortum holds 90 2 pct of the share capital and 94 4 pct of the voting rights in the company which it now plans to delist from the warsaw stock exchange,neutral,positive,False
in july september 2009 konecranes sales decreased to eur 368 7 mn from eur 520 4 mn in july september 2008,negative,neutral,False
raute posted a net profit of 1 8 mln euro $ 2 6 mln for the third quarter of 2007 compared to a net loss of 299 000 euro $ 430 000 for the corresponding period of 2006,positive,positive,True
net sales in 2007 are expected to be 10 up on 2006,positive,neutral,False
finnish steel maker rautaruukki oyj ruukki said on july 7 2008 that it won a 9 0 mln euro $ 14 1 mln contract to supply and install steel superstructures for partihallsforbindelsen bridge project in gothenburg western sweden,positive,positive,True
the port facilities throughput is 250 000 teus and 7 5 mln tons of general cargo,neutral,neutral,True
the apple inc iphone wo n t change the game plan for verizon communications inc chief executive ivan seidenberg said wednesday,neutral,neutral,True
the estimated annual value of the frame agreement is about eur 50mn,neutral,positive,False
paper company m real calculated that if 100 000 biscuit cartons are made using a 25gsm lighter board the co2 saved over the course of 12 months would be equal to that generated by driving 1 000 km by car,neutral,positive,False
luna took fifth place on six under 207 a shot behind spain s beatriz recari and germany s martina eberl while welsh player becky brewerton was the highest placed british finisher sharing seventh place on three under 210 after shooting 71,neutral,positive,False
finnish high technology provider vaahto group reports net sales of eur 41 8 mn in the accounting period september 2007 february 2008 an increase of 11 2 from a year earlier,positive,positive,True
operating profit totaled eur 17 7 mn compared to eur 17 6 mn in the corresponding period in 2007,positive,positive,True
belarus oao lidskoe pivo brewery based in the grodno region reported a 1 1 decrease in output to 1 045 million decaliters in january march 2010 a representative in the administration of the company told,negative,neutral,False
the aforementioned shareholders have informed that they will propose to the annual general meeting that the number of members of the board of directors shall be five and that besides the present members of the board of directors also mr lassi noponen shall be elected to the board of directors,neutral,positive,False
estonian telecoms company elisa s customer numbers cross 400 000 tallinn oct 22 bns the estonian telecommunications company elisa won approximately 50 000 new clients in the nine months of this year bringing the number to 401 800 by the end of september the company said,positive,positive,True
finnish kci konecranes has been awarded an order for four hot metal ladle cranes by indian steel producer bhushan steel & strips to be delivered in 2007,positive,positive,True
delivery is expected to take place later this month,neutral,neutral,True
jon risfelt has previously held operational executive positions in europolitan ericsson sas american express card and travel divisions as well as nyman & schultz ceo vodafone sweden ceo and gambro renal products ceo,neutral,positive,False
the airline was targeting travel agents tour operators and travel management companies to raise awareness first before targeting consumers he added,neutral,neutral,True
each year personal entertainment plays a more significant role in determining whether a fitness facility s workout experience is pleasurable or a chore said brian wilson director of marketing for precor s entertainment & services division,neutral,positive,False
basware invoice processing basware contract matching basware order matching and basware kpi reporting tool are part of the basware s enterprise purchase to pay solution suite,neutral,positive,False
indigo and somoncom serve 377 000 subscribers and had a market share of approximately 27 as of may 2007,neutral,positive,False
marimekko operates in an industry in which changes in the business climate are reflected in consumer demand,neutral,negative,False
latin america currently accounts for approximately 40 of sales at finnish bss oss and vas supplier for telecoms operators tecnotree company president and ceo eero mertano told bnamericas,neutral,neutral,True
26 november 2010 finnish sports equipment maker amer sports oyj hel : ameas said today it has obtained a eur30m schuldschein note loan from a pool of international investors,neutral,neutral,True
the share capital of basware corporation is 11 720 829,neutral,positive,False
bilfinger investors cheered the agreement pushing shares up 7 or & euro ; 3 30 to & euro ; 50 29 in afternoon trade,positive,positive,True
earnings per share eps dropped to eur 0 21 from eur 0 31,negative,positive,False
emsa deputy chairman of the board juri lember told bns on wednesday that this was the first time he heard about the strike as the swedish side had not informed the estonian union yet,negative,negative,True
since the association s data do not cover sales figures from about 100 small local breweries and sales of imported beer products the actual market shares of its members are smaller than those given in the report,negative,positive,False
efore s results for the last quarter showed an even faster improvement as the company managed to better source its components,positive,positive,True
the redesigned crushing circuit has been in operation since the start of september and its overall production rate on a weekly basis is in excess of an average of 40 000 tonnes a day,neutral,negative,False
food sales totalled eur 323 5 mn in october 2009 representing a decrease of 5 5 from october 2008,negative,neutral,False
almost the entire office building will be occupied by metso,neutral,neutral,True
at some point in 2010 all separate company names such as palmberg tekmanni lemcon forssan betoni suonenjoen betonituote among others will disappear,neutral,negative,False
md henning bahr of stockmann gruppen praises the trend since the chains become stronger and their decision making processes more clear,positive,positive,True
the handset maker did not disclose any financial details,neutral,neutral,True
amer sports divests an industrial site in rumilly france this announcement is distributed by thomson reuters on behalf of thomson reuters clients,neutral,neutral,True
the interim report for the first quarter is published on may 8 2009,neutral,neutral,True
the cooperation will double the switch s converter capacity,positive,neutral,False
stockmann was established in 1862 in finland and it became the first foreign company to enter russia s retail trade market in 1989,neutral,neutral,True
adp news feb 12 2009 finnish it solutions provider affecto oyj hel : afe1v said today its net profit rose to eur 8 5 million usd 11m in 2008 from eur 7 million in 2007,positive,positive,True
both operating profit and turnover for the three month period increased respectively from eur0 9 m and eur8 3 m as compared to the corresponding period in 2005,positive,positive,True
the eur 0 7 million non recurring expenses have been recorded for the third quarter,neutral,neutral,True
in 2010 sanoma magazines expects net sales to be at the 2009 level,neutral,neutral,True
the lemminkainen group headquartered in helsinki finland operates in all sectors of the construction industry : civil engineering building contracting technical building services and the building materials industry,neutral,neutral,True
profit before taxes amounted to eur 56 5 mn down from eur 232 9 mn a year ago,negative,positive,False
according to sweden s minister for local government and financial markets mats odell the decision to sell the state s shares in telecom group teliasonera can only be carried out in cooperation with the state of finland,neutral,positive,False
choose from a giant countdown with red head or rainbow trout or the giant shad rap in perch color,neutral,neutral,True
pretax loss totaled eur 1 2 mn down from a profit of eur 2 1 mn in 2004,negative,positive,False
sullivan said some of the boards really involve a lot of work and people should get paid for their time,neutral,neutral,True
the company designs manufactures and markets advanced composite products for industrial applications and consumer goods such as cross country alpine and nordic walking poles floorball sticks and antenna radomes,neutral,positive,False
according to the company a decision in the issue will be made in the summer of 2010 at the earliest and in the summer of 2011 at the latest,neutral,neutral,True
the difference can be explained by the fact that two shipping companies have stopped operating in the gulf of finland,neutral,negative,False
according to atria s president and ceo matti tikkakoski the company s swedish operations significantly improved in the first quarter,positive,positive,True
basware einvoices oy will be merged into the parent company during the present fiscal period,neutral,neutral,True
uponor improved its performance in spite of the decrease in residential construction in the us,positive,negative,False
they want my credit card info and my personal details,neutral,positive,False
earnings per share eps rose to eur 0 11 from eur 0 03,positive,positive,True
radiation and today is a full service house expert in radiation and nuclear safety issues,neutral,positive,False
companiesandmarkets com provides a wide range of research reports industry statistics and competitive intelligence on the industrial sector,neutral,positive,False
vaisala also said it expects net sales of eur 253 2 million for 2010 compared with eur 252 2 million recorded in 2009,positive,neutral,False
the negotiations concern personnel of cencorp corporation and singulase oy as whole in finland and in sweden the company said,neutral,neutral,True
by implementing the software the finnish army aims to unify and improve its operations in these application areas qpr software stated,positive,positive,True
the firm s uk head office is in rugby road lutterworth,neutral,neutral,True
the company has decided to stop the operations of ruukki construction division in latvia and lithuania and concentrate the production and logistics in parnu estonia in 2009,neutral,negative,False
nordea s definitely too big for sampo to acquire said an analyst but sampo would appear to have an agenda for nordea ahead of the privatisation,neutral,positive,False
shares will be acquired in accordance with section 5 of the rules of nasdaq omx helsinki and other rules applicable to the acquisition of own shares,neutral,positive,False
the inventors are bylander johan ponten fredrik and lundberg jorgen,neutral,neutral,True
finnish it consultancy satama interactive oyj said on november 13 2006 that jarmo lonnfors took up the position of ceo,neutral,neutral,True
helsinki afx salcomp the mobile phone charger manufacturer said it has appointed markku hangasjarvi as its new ceo following the resignation of mats eriksson,neutral,negative,False
rapala vmc corporation rapala a leading fishing tackle and sporting goods manufacturer and distributor is the main owner of peltonen with its 80 shareholding,neutral,neutral,True
following the acquisitions panostaja will establish a new business unit which will focus on heat treatment of metals,neutral,neutral,True
rapala aims to move the distribution unit ragot from loudeac in bretagne and the distribution unit waterqueen and the fishing line supplier tortue from saint marcel in central france to morvillars,neutral,neutral,True
export accounts for about one tenth of the company s annual turnover of one billion kroons,neutral,neutral,True
the customer is local company etera mutual pension insurance co and the principal tenant of the unit will be media company alma media corp hel : aln1v,neutral,neutral,True
the proposal by the board of directors on the issuance of option rights will otherwise correspond to the proposal by the board of directors in the notice to the general meeting,neutral,neutral,True
the australian company mirabela nickel has awarded outokumpu technology a contract for grinding technology for its nickel sulfide project in bahia state brazil,positive,positive,True
customers in a wide range of industries use our stainless steel and services worldwide,neutral,neutral,True
finnish publisher alma media hel : aln1v said wednesday it has decided to further extend its eur1 85 usd2 75 apiece mandatory tender offer for media group talentum hel : ttm1v which started on 19 august until 16 november,neutral,positive,False
measures will be launched immediately and are due to be finalized in the first quarter of 2010,neutral,positive,False
maggie ramsey s wait and those of thousands of oregon and washington guides anglers and others who flock to his frequent seminars is nearly over,neutral,neutral,True
ramirent finland is the domestic unit of machinery rental company ramirent oyj hel : rmr1v,neutral,neutral,True
1 february 2011 finnish textile and clothing company marimekko oyj hel : mmo1v said today its preliminary operating profit grew to eur8 2 m in 2010 from eur6 3 m in 2009,positive,positive,True
in a media advisory the ntsb said that after subsequent testing the train detection system intermittently failed,negative,negative,True
after the transaction tikkurila has no powder coatings related operations the company said,neutral,negative,False
local government commissioner of +àm+ñl kurt svensson says he will contact the management of finnish company componenta to find out if there are any alternatives to the company s decision to close down its plant in +àm+ñl,neutral,neutral,True
a january 11 2010 ephc board of directors has approved an increase in the quarterly dividend from $ 0 03 to $ 0 05 per share,positive,positive,True
advertising and circulation revenues grew by 3 4 and by 0 4 respectively,positive,positive,True
the use of validation rule base enables verifying that processing rule bases managed by different administrators fulfil some set requirements,neutral,neutral,True
the board of directors was authorized to decide on other terms of the share issue,neutral,positive,False
mika stahlberg vp f secure labs said we are excited and proud that f secure has been recognized by av comparatives as the product of the year,positive,positive,True
the tool is a patent pending design that allows consumers to lay out their entire project on a removable plate using multiple clear stamps of any kind,neutral,positive,False
the reorganisation will be carried out by transferring hkscan corporation s production related property plant and equipment in finland as well as its holdings in subsidiaries and associates to hkscan finland oy a holding company wholly owned by hkscan corporation,neutral,positive,False
the deal means that ten persons in three countries will transfer to tieto,neutral,neutral,True
561 470 new shares under 2003 option rights plan packaging company huhtamaki oyj reported on monday that a total of 561 470 new shares of the company have been issued based on share subscriptions under its 2003 option rights plan,neutral,positive,False
sales improved to sek 1 553 mn compared with sek 1 408 mn,positive,positive,True
as a part of the plan the board of directors decided to transfer a maximum of 330 000 shares held by the company in a share issue against payment directed to aspo management oy a holding company acquired by the management,neutral,positive,False
the estimated value of the deal is usd 9 2 million,neutral,positive,False
the 5 000 megawatt wind farm being planned in raahe would be built offshore in front of ruukki s raahe works,neutral,neutral,True
the aim is to develop open source application solutions,neutral,positive,False
the divested company is part of tietoenator s business area government manufacturing & retail,neutral,neutral,True
strongest growth was seen in the new markets in russia the czech republic and slovakia,positive,positive,True
atria said its offer would give the swedish company continued ownership and control of its slaughtering and cutting operations,neutral,negative,False
neste oil will publish its third quarter 2008 results on friday 24 october 2008 at approximately 9 am eet,neutral,neutral,True
finnish component supplier componenta corporation omx helsinki : cth1v said on monday 16 june that it is changing its pricing cycle due to the increase of raw material prices,neutral,positive,False
however the brokers ratings on the stock differ,neutral,neutral,True
the profit after taxes was eur 57 7 11 1 million,neutral,positive,False
the other deal is for process cranes to the russian steel mill pntz in pervorouralsky through an order placed by turkish construction company gama endustri tesisleri imalat ve montaj as,neutral,neutral,True
the divested activities had net sales of eur 145 1 million in 2009 and an operating profit of eur 8 9 million,neutral,positive,False
the sale of savcor face to cencorp will result in a profit or loss which can not yet be determined owing to factors including the valuation of the consideration shares to be received and prevailing exchange rates,neutral,positive,False
net sales for the financial year 2006 are expected to amount to about eur20m and the operating result ebit is expected to be a loss as announced before,negative,negative,True
it will report full year results on august 22,neutral,neutral,True
the deliveries started in april 2006 and will be completed in 2007,neutral,neutral,True
alpina sports is a lebanon new hampshire usa based distributor of e g alpina ski shoes and skis exel ski poles start ski waxes and now also peltonen cross country skis,neutral,neutral,True
adpnews dec 23 2009 norwegian financial services group sparebank 1 gruppen as osl : sbgrp said its board of directors appointed today jarle haug managing director of its claims collection subsidiary sparebank 1 gruppen finans,neutral,neutral,True
related links : flexiblebaseloadoperation thewartsila32generating set gasconversions this is the shorter of two versions of this press release,neutral,neutral,True
the share capital of alma media corporation business id 1944757 4 is eur 45 031 513 80 and it is divided into 75 052 523 shares,neutral,positive,False
aspocomp intends to set up a plant to manufacture printed circuit boards with an investment of rs310 crore,neutral,neutral,True
according to olvi s managing director lasse aho the company has an ongoing mmx plus project that aims to find growth outside finland,positive,positive,True
secure your files online like filling out a tax return making a backup is boring,neutral,positive,False
teollisuuden voima oyj the finnish utility known as tvo said it shortlisted mitsubishi heavy s eu apwr model along with reactors from areva toshiba corp ge hitachi nuclear energy and korea hydro & nuclear power co,neutral,positive,False
people who enjoy mobile games are often the same customers who enjoy experimenting with new mobile services and content,neutral,positive,False
the event can also be viewed as a live audio webcast at www ahlstrom com,neutral,neutral,True
capman has four investment areas capman buyout capman technology capman life science and capman real estate and each of them has a dedicated team,neutral,positive,False
in the third quarter of 2007 net sales totaled eur 25 95 mn and operating profit eur 3 88 mn,neutral,positive,False
also a seven year historic analysis is provided for these markets,neutral,neutral,True
a high court in finland has fined seven local asphalt companies more than lion $ 117 million for operating a cartel,negative,neutral,False
panostaja headquartered in tampere finland is an investment company focusing on small and medium sized finnish companies operating in the traditional industries,neutral,neutral,True
the total value of the order placed by aspo marine transportation subsidiary esl shipping oy is eur 60 million usd 77 5 m,neutral,positive,False
a huge issue for us is the button placement,neutral,positive,False
work on the assignment has already started and is due for completion in spring 2011,neutral,neutral,True
the company expects net sales to significantly increase from 2009,positive,positive,True
the acquisition is expected to take place by the end of august 2007,neutral,neutral,True
the building will house for example respecta oy s jyvaskyla premises as well as other companies to be announced later says samuel koivisto director of technopolis operations in jyvaskyla,neutral,positive,False
m real which is part of finnish paper maker metsaliitto group is due to release its second quarter report at around 12:00 eet on 5 august 2010,neutral,neutral,True
the company plans to expand into the international market through its subsidiaries and distributors from 2011 onwards,positive,positive,True
the authorization is in force for a period of 18 months from the resolution by the general meeting,neutral,neutral,True
the objective of the planned measures is to achieve significant savings in the next few years,positive,positive,True
profit for the period increased from eur 2 9 mn to eur 10 5 mn,positive,positive,True
the company will be part of teleste s video and broadband solutions business area,neutral,positive,False
8 may 2009 finnish liquid handling products and diagnostic test systems maker biohit oyj hel : biobv said today 8 may 2009 its net loss narrowed to eur0 1 m usd0 14 m for the first quarter of 2009 from eur0 4 m for the same period of 2008,positive,negative,False
m real s sales are expected to have increased by 4 year on year to eur609m in the second quarter of 2010,positive,positive,True
operators only need to learn how to use one device for multiple levels of applications including voice directed operations,neutral,neutral,True
olvi expects sales and market share to increase in the first quarter of 2010,positive,positive,True
operating profit excluding non recurring items increased by 27 to eur 81 9 mn from eur 64 4 mn in the corresponding period in 2008,positive,positive,True
kershaw takes up the position with immediate effect from her previous role as marketing manager of sankey home & garden products,neutral,neutral,True
at some point it will spread also to iran and iraq,neutral,neutral,True
chief executive officer olli pekka kallasvuo s changes on tuesday mark the third time in nine months the company has reshuffled executives and operations as nokia loses ground to apple s iphone and rim s blackberry,negative,negative,True
stock exchange release 10 3 2011 12:00 sanoma has published its annual report and financial statements for 2010 and its first corporate responsibility report,neutral,neutral,True
almost two thirds of olvi s net sales come from outside finland,neutral,neutral,True
the manufacturing will begin in pietarsaari in the beginning of the year 2009 and the delivery will take place in october 2009,neutral,neutral,True
coffee will be served starting at 14:30 eet as well as after the event,neutral,positive,False
altogether 150 subjects with mildly elevated cholesterol levels participated in the four month long intervention,neutral,neutral,True
net interest income increased by 4 5 to eur 31 4 mn from eur 30 0 mn in 2004,positive,positive,True
all rights reserved,neutral,neutral,True
the order includes a log handling line peeling line and drying line for the production of parquet base layer veneer for plyfa s hassela mill central sweden,neutral,neutral,True
tallink silja attributes the significant drop to problems with the booking system that was taken into operation in october the sale of trailer ferry sky wind and the route between stockholm and riga which has won passengers from the helsinki stockholm route,negative,positive,False
purchase it for the 12mp snapper if nothing else,neutral,neutral,True
the company which makes garden tools scissors and other consumer goods said earnings were boosted by 6 9 mln eur of income it received from its 16 7 pct shareholding in finnish engineering group wartsila,positive,positive,True
there did not seem to be enough hours in a day for pekkarinen,neutral,neutral,True
on the route between helsinki in finland and tallinn in estonia cargo volumes increased by 36 while cargo volumes between finland and sweden fell by 9,neutral,positive,False
the respondents praised finnair s reliability finnishness and understanding of its target group,positive,positive,True
10 february 2011 finnish media company sanoma oyj hel : saa1v said yesterday its 2010 net profit almost tripled to eur297 3 m from eur107 1 m for 2009 and announced a proposal for a raised payout,positive,positive,True
about dopplr dopplr is a service for smart travellers,neutral,positive,False
bluewin security is available as a monthly subscription,neutral,positive,False
the annual report will be sent automatically to shareholders holding at least 2 000 sampo plc shares,neutral,positive,False
the repo rate will gradually reach 2 at the end of 2010 according to nordea s economic outlook,neutral,neutral,True
ebit excluding non recurring items totalled eur 67 8 mn up from eur 38 1 mn,positive,neutral,False
tieto offers aktia a good foundation and the required support services for implementing the update project says juha volotinen responsible for aktia s web services,positive,positive,True
stora enso s business in north america has annual capacity of about 3 million tons and employs about 4 350 people,neutral,neutral,True
as much biomass will be used as can be sourced locally with the rest of the plant s fuel needs met by peat,neutral,neutral,True
fortum expects its annual capital expenditure in the next four to five years to be within a range of eur 0 8 1 2 billion as earlier announced,neutral,neutral,True
more than 80 special events in the three counties during four months were hosted by the library system and its nine branch libraries,neutral,positive,False
the contract includes an option to deliver an additional 75 ascs in the next phases of the project,neutral,neutral,True
the finland based company says it will move into an existing 260 000 square foot facility in september,neutral,neutral,True
the transaction value is cad 15 million approximately eur 10 million,neutral,positive,False
the chain is to unite 45 50 centres by the end of 2008,neutral,neutral,True
operating result for the 12 month period decreased from the profit of eur0 4 m while turnover decreased from eur5 6 m as compared to 2004,negative,positive,False
the gross area of eight houses will be 12 167 m2,neutral,negative,False
ssh communications security corporation is headquartered in helsinki finland,neutral,positive,False
the value of the order is eur 2 5 mn,neutral,positive,False
after the sale savcor group ltd will comprise savcor art a corporate function and an investment in cencorp corporation,neutral,neutral,True
adp news feb 25 2009 finnish printed circuit board pcb maker aspocomp group oyj hel : acg1v said today it swung to a net profit of eur 300 000 usd 385 000 for 2008 versus a net loss of eur 65 3 million,positive,positive,True
the share sale to foreign and finnish investors is expected to raise some euro300 million us$ 380 million,neutral,positive,False
its market share widened to 48 51 percent from 48 31 percent a year earlier,positive,positive,True
the contract also includes installation work in a new multistorey carpark for close on 1 000 vehicles,neutral,neutral,True
share repurchase 11 01 2008 in the helsinki stock exchange on behalf of sampo plc danske bank a s helsinki branch,neutral,positive,False
the investment will be worth approximately eur 100mn,neutral,positive,False
an eu law on the issue may be introduced around 2010,neutral,neutral,True
group net sales in the third quarter of 2007 totaled eur 142 3 mn and operating profit eur 4 3 mn,neutral,positive,False
most recently he founded virent energy systems inc an 80 person catalytic biofuels company where as president and ceo he led the company through multiple financings defined the company s market strategy and secured the company s first customers,neutral,positive,False
the ecb can mainly target inflation,neutral,neutral,True
earnings per share eps amounted to eur0 01,neutral,positive,False
after the sale outokumpu s share of the technology unit will be reduced to some 12 20 percent,neutral,positive,False
they both will report to oriola kd s chief executive officer eero hautaniemi,neutral,neutral,True
the point village designed by scott tallon walker will include a shopping center office premises a hotel and a cinema,neutral,neutral,True
the company is headquartered in sievi finland and is listed on the nordic exchange in helsinki,neutral,neutral,True
of course you ll have direct access to nokia s ovi store so you ll have lots of fun downloading your favorite media,neutral,positive,False
stock exchange announcement 20 july 2006 1 1 basware share subscriptions with warrants and increase in share capital a total of 119 850 shares have been subscribed with basware warrant program,neutral,positive,False
poyry plccompany announcement 10 december 2010 at 4 10 p m pursuant to poyry plc s stock option program 2004 63 792 new shares of the company have been subscribed since 27 october 2010 with stock options 2004b,neutral,positive,False
net sales by the sata flexo group came to some eur4 3 m in 2007 and the group companies employed a total of 40 people,neutral,neutral,True
tekla will organize an information meeting for analysts and media at wtc helsinki marski meeting room aleksanterinkatu 17 the same day at 12:30 1:30 p m light lunch will be served,neutral,neutral,True
the subject of the project is provide to the company like : software programming and consultancy services computer related services data services computer support and consultancy services internet services etc,neutral,positive,False
our vaalipalvelu service was especially developed for use by communities and organizations,neutral,neutral,True
finnish food workers union sel plans to hasten its collective bargaining with a two day strike that would begin on 7 april 2010 in finland,negative,negative,True
enclosed is affecto s call for extraordinary general meeting to be held on july 10th where the main agenda is to approve the authorization to the board for the proposed share issue related to the component software acquisition and to elect haakon skaarer to the affecto board,neutral,positive,False
why not give your bedroom a cool makeover for summer,neutral,positive,False
the biggest challenge was to make the piece look raw hansen said,neutral,positive,False
operating income rose to eur 696 4 mn from eur 600 3 mn in 2009,positive,neutral,False
it also includes the installation of new equipment training and start up services as well as service work of the shoe press delivered by vaahto in 2001,neutral,positive,False
eur928 000 in q1 2010 6 may 2010 finnish textile and clothing design company marimekko oyj hel : mmo1v said today its net profit rose to eur928 000 in the first quarter of 2010 from eur13 000 in the corresponding period a year earlier,positive,positive,True
mr skogster currently serves as the manager responsible for abb oy s system modules for low voltage drives,neutral,positive,False
fiskars brands report net sales of eur 145 8 mn up from eur 138 4 mn,positive,neutral,False
in the first quarter of 2008 sacanfil s net sales totalled eur 50 0 mn and its operating profit eur 4 7 mn,neutral,positive,False
the following information was released by comptel : tomorrow the chairman of the federal communications commission is scheduled to deliver the national broadband plan to congress,neutral,neutral,True
the sale comprising the margarine business in finland and poland follows the approval of the polish competition authorities earlier in october,neutral,positive,False
cargo traffic fell 1 year on year to 8 561 tonnes in september 2009,negative,neutral,False
at 12 59 pm the omx helsinki 25 index was 0 32 pct lower at 2 694 81,negative,negative,True
the diameter protocol is developed according to the standards ietf rfc 3588 and ietf rfc 3539,neutral,neutral,True
operating profit totalled eur 9 0 mn down from eur 9 7 mn in the first half of 2008,negative,positive,False
the samsung mobile applications store was launched in january 2009 by samsung mobile innovator a program which enables mobile software developers to create applications for use across samsung mobile devices,neutral,positive,False
both operating profit and net sales for the six month period increased respectively from eur0 4 m and eur3 2 m as compared to the corresponding period in 2005,positive,positive,True
the repayment of eur 105 million debenture bonds is related to the company s previous announcement on october 21 2009 to collect irrevocable selling commitments from the holders of its subordinated debenture bonds,neutral,positive,False
for 2009 net profit was eur3m and the company paid a dividend of eur1 30 apiece,neutral,positive,False
with this appointment kaupthing bank aims to further co ordinate capital markets activities within the group and to improve the overall service to clients,positive,positive,True
the tekla structures 16 installation has been built according to microsoft s requirements for the windows 7 certification the company added,neutral,neutral,True
the company has the poser who wants to impress people with the latest handset,neutral,positive,False
the company serves approximately 3 000 customers in over 100 countries,neutral,neutral,True
the company is in charge of all natural gas storage activities in france great britain and germany,neutral,positive,False
both operating profit and turnover for the nine month period increased respectively from eur2 4 m and eur43 8 m as compared to the corresponding period a year ago,positive,positive,True
these measures are expected to produce annual cost savings of eur 1 5 million starting in 2007,positive,neutral,False
finnish retailer stockmann has won approval from the board of swedish rival lindex for a public tender offer with the aim of expanding the companies presence in russia and other cee countries stockmann said monday,positive,positive,True
according to business media reports usmanov planned to transfer his megafon stake to the state controlled svyazinvest in exchange for a stake in the merged rostelecom,neutral,neutral,True
citigroup inc nyse : c has announced that its global transaction services gts business has been awarded a new mandate by finland based pohjola bank group,positive,positive,True
protalix has $ 42 million in cash and no sales,neutral,negative,False
upm kymmene said its has not indicated any interest in any domestic consolidations,neutral,negative,False
operating profit was eur 1 6 mn in 2005 compared to eur 5 9 mn in 2004,negative,positive,False
because the application can be considered as a hacking application it is classified by f secure as riskware,neutral,positive,False
the margarine business has been put into good shape in the last two years making it a natural addition to bunge which is looking to leverage its position in the central and northern european markets raisio ceo matti rihko said in a statement,positive,positive,True
under the plan which cses worked out together with public policy management institute ppmi and other partners buildings with a total area of 10 000 square meters should be built on the territory in the first phase,neutral,neutral,True
net sales totaled eur 93 6 mn up from eur 93 2 mn in the corresponding period in 2005,positive,neutral,False
operating profit rose to eur 13 1 mn from eur 8 7 mn in the corresponding period in 2007 representing 7 7 of net sales,positive,positive,True
companies evaluated in the report include aladdin ca f secure kaspersky marshal mcafee microsoft panda proofpoint sophos symantec trend micro tumbleweed and websense,neutral,positive,False
operating loss increased to eur 17mn from a loss of eur 10 8 mn in 2005,negative,negative,True
the expansion is to be finalized in the autumn of 2009,neutral,neutral,True
the market share of volkswagen passenger cars in finland was 10 1 percent audi had a market share of 3 1 percent and seat s share was 0 9 percent,neutral,positive,False
ms laakso will be responsible for hkscan s hr functions and for their development in all of the group smarket areas,neutral,positive,False
following last year s good profit development we have entered the current year in a good position,positive,positive,True
metsaliitto will sell 1 1 million b shares of neomarkka accounting for about 18 3 pct of neomarkka s equity and about 12 7 pct of the voting rights,neutral,positive,False
talentum acquired a 47 5 pct stake in varesvuo partners in 1997 and the remaining in 2002 and 2005,neutral,neutral,True
the price of raw material aluminium went up at the end of 2005 but the company considers its outlook for 2006 favourable,positive,neutral,False
cargotec s sales totalled eur 3 4 billion in 2008 and it employs approximately 10 500 people,neutral,neutral,True
the eps improved to eur0 38 from eur0 27,positive,positive,True
coca cola was the market leader of manufacturers with a market share of 36 9 down 2 2 from the corresponding period in 2004 2005,negative,positive,False
net sales surged by 30 to eur 36 million,positive,neutral,False
the value of the firm s forestry holdings increased by sek 3 6 bn,positive,positive,True
the mill is concentrating on getting the supercalendered line running satisfactorily before restarting its older newsprint line,neutral,positive,False
finnish aktia group s operating profit rose to eur 17 5 mn in the first quarter of 2010 from eur 8 2 mn in the first quarter of 2009,positive,positive,True
we could be there,neutral,neutral,True
the currency effect had a 3 0 pct or 20 mln euro $ 31 3 mln negative impact on the revenue,negative,negative,True
the online ice chart shows no ice in the area of estonia s sea ports on the coast of the gulf of finland,neutral,negative,False
the continued operations mean the structure after the restructuring of the aspocomp group including aspocomp oulu and the headquarter operations,neutral,neutral,True
a coker crane will be supplied to tesoro corporation s golden eagle refinery in martinez california while a similar crane will be delivered to bp s castell refinery in spain,neutral,neutral,True
the buildings with about 40 condominiums each will be built in 4 or 5 stages,neutral,neutral,True
profit before taxes was eur 105 9 82 7 million,neutral,positive,False
tekla s defense business employs over 20 persons and is located in espoo finland,neutral,positive,False
the company is in the process of building a new fleet and has placed orders for 10 p max tankers of 65 200 dwt,positive,neutral,False
in addition the existing service counter area in the reception hall will be rebuilt and access provided to local rail connections,neutral,neutral,True
the group had an order book of eur 7 74 mn at the end of 2007,neutral,neutral,True
alexandria va dec 19 united states patent no 7 853 620 issued on dec 14 was assigned to nokia corp espoo finland,neutral,positive,False
foundries division reports its sales increased by 9 7 to eur 63 1 mn from eur 57 5 mn in the corresponding period in 2006 and sales of the machine shop division increased by 16 4 to eur 41 2 mn from eur 35 4 mn in the corresponding period in 2006,positive,positive,True
i m not sure what s happening,neutral,negative,False
the russian gas giant invested another 46 million litas in the company in late 2004 and now owns 99 5 percent of its stock capital which amounts to 86 936 million litas,neutral,negative,False
this wood lacquered clock comes with a stripy hand crocheted cover,neutral,positive,False
and ogden reportedly will shell out $ 4 2 million,neutral,neutral,True
the machinery now ordered will be placed in a new mill with an annual production capacity of 40 000 m3 of overlaid birch plywood,neutral,neutral,True
i am very pleased and proud of our performance last year chief executive juha rantanen said in a statement,positive,positive,True
both operating profit and net sales for the six month period increased respectively from eur13 8 m and eur143 6 m as compared to the corresponding period in 2007,positive,positive,True
in future the plant will focus on the production of flange profiles for wind farm towers,neutral,neutral,True
ramirent s net sales in the second quarterended june 30 were euro 128 7 million about u s $ 163 million a 3 3 percent increase compared with euro 124 6 million for thesecond quarter last year,positive,positive,True
founded in 1985 quatrocon s clientele consists of public sector builders central trading companies and major construction firms,neutral,neutral,True
lemmink+ñinen started the manufacture of roofing felt in 1920 and the production of asphalt in the 1930s,neutral,neutral,True
thus the group s balance sheet will have about eur 25 8 million of goodwill the company added,neutral,neutral,True
ruukki s order book at the end of 2010 was 30 up year on year and 10 up quarter on quarter,positive,neutral,False
adp news dec 11 2008 finnish construction and engineering company outotec oyj omx : ote1v said today it won a eur 28 million usd 36 8 m order to expand the phosphate concentrator in siilinjarvi of norwegian minera,positive,positive,True
you need to be ready when the window opens up rosberg said,neutral,positive,False
in finland s hobby hall s sales decreased by 10 and international sales fell by 19,negative,neutral,False
operating profit rose to eur 4 7 mn from eur 4 6 mn,positive,positive,True
the size of the extension 18 5 of which already has been let will have a gross area of about 2 830 sq m 30 460 sq ft,neutral,negative,False
he confirmed his view on july 6,neutral,neutral,True
finnish cargotec has been awarded a significant order for a total of 292 hiab loader cranes by bae systems in the us,positive,positive,True
according to seikku the retail sector in finland is controlled by 3 4 large actors while food manufacturers are still relatively small,neutral,neutral,True
runway visual range is a calculated assessment of the distance that a pilot can see down a runway,neutral,neutral,True
one price category is for calls on the preferred operator s network and another for calls on other operators networks,neutral,neutral,True
back then tikkurila s former owner finnish chemicals company kemira oyj hel : kra1v distributed an 86 stake to kemira shareholders to facilitate the divestment and listing of tikkurila,neutral,negative,False
vacon s cash flow from operations grew to eur 37 1 mn from eur 21 9 mn a year ago,positive,neutral,False
aspocomp group headquartered in helsinki finland develops interconnection solutions for the electronics industry,neutral,positive,False
eurochem head of corporate finance alexander gavrilov said : i am pleased that we have once again confirmed that eurochem is able to attract long term funds at attractive rates,positive,positive,True
we are delighted to welcome elisa to our board of directors said garry mcguire ceo of rmg networks,positive,positive,True
the contract includes heating plant equipment and associated installation work,neutral,neutral,True
operating profit totaled eur 9 4 mn down from eur 11 7 mn in 2004,negative,positive,False
finnish construction group yit has been awarded a contract to install heating air conditioning and cooling systems to the new head office of the automobile association adac in munich in germany,positive,positive,True
the negotiations will concern the plant s department producing winded roving that employs 10 people,neutral,neutral,True
the order values at eur 6 9 mn and it consists of design services and hardware and software licences,neutral,positive,False
russian export duties will activate harvesting in finland and sales in russia will increase also,positive,positive,True
due to the rapid decrease in net sales personnel reductions have been carried out on a wider scale than initially expected,negative,neutral,False
altona stated that the private company of altona chairman kevin maloney tulla resources would take up its entitlement in full,neutral,neutral,True
furthermore our fully electrically driven cranes are environmentally friendly,positive,positive,True
a cut above bring the outdoors in with these birch branch coasters,neutral,negative,False
pharmaceutical market in poland global research & data services published recently a market analysis about the pharmaceutical markets in poland,neutral,neutral,True
marimekko is considering further measures in the matter,neutral,neutral,True
earnings per share eps in the first half of 2007 amounted to eur0 29 down from eur0 40 year ago,negative,positive,False
28 october 2010 finnish wood products technology supplier raute oyj hel : rutav said today it swung to a net profit of eur3m for the first nine months of 2010 versus a net loss of eur5 2 m for the same period a year earlier,positive,positive,True
the company designs manufactures and markets high quality clothing interior decoration textiles bags and other accessories,neutral,neutral,True
net loss in the same period in 2009 was euro18 6 million,neutral,negative,False
officials did not disclose the contract value,neutral,positive,False
huhtamaki oyj stock exchange release 16 12 2008 at 09:30 huhtamaki oyj has resolved to clarify the group structure by separating the foodservice and consumer goods businesses in its production unit in hameenlinna finland by transferring the businesses into its wholly owned subsidiaries,neutral,positive,False
the airline estimated that the cancellation of its flights due to the closure of european airspace and the process of recommencing traffic have caused a the company a loss of eur20m including the costs of stranded passengers accommodation,negative,negative,True
the order also covers design services hardware software licences as well as maintenance services over six years,neutral,positive,False
after the takeover cramo will become the second largest rental services provider in the latvian market,positive,neutral,False
after this purchase cramo will become the second largest rental services provider in the latvian market,positive,neutral,False
loss after taxes amounted to eur 1 2 mn compared to a loss of 2 6 mn,positive,negative,False
finnair s passenger load factor which measures the number of sold seats as a share of all available seats dropped by 1 3 percentage points to 76 7 in september,negative,positive,False
finnish property investor sponda said it has agreed a 100 mln eur five year mln credit facility with swedbank and a 50 mln eur seven year facility with oko bank,neutral,positive,False
analysts surveyed by thomson financial expected revenue of $ 69 million for the quarter,neutral,neutral,True
ionphase s second major owner is venture capital firm aura capital,neutral,neutral,True
diluted loss per share stood at eur 0 15 versus eur 0 26,positive,neutral,False
proline plus is available in both adjustable single and multichannel models and fixed volume single channel models in volume ranges from 0 1 micro litres to 10 ml,neutral,neutral,True
microsoft last week also issued the first patch for the windows 7 operating system beta it had released days earlier,neutral,neutral,True
25 march 2011 finnish electronics contract manufacturer scanfil oyj hel : scf1v said today its plan to merge wholly owned scanfil ems group with ojala yhtyma oy has hit a snag as shareholders of the domestic rival rejected the deal,negative,negative,True
clothing chain sepp+ñl+ñ s net sales increased by 7 0 to eur 30 8 mn,positive,positive,True
in 2008 kemira recorded revenue of approximately eur 2 8 billion and had a staff of 9 400,neutral,neutral,True
combining the two producers will create a strong eu based fertilizer industry capable of meeting global competition they added,positive,positive,True
the company recorded revenues of e658 1 million during the fiscal year ended december 2007 an increase of 23 over 2006,positive,positive,True
the launch of the plant in june went well and it has been producing the advanced fuel for a couple of weeks,positive,positive,True
20 october 2010 finnish metal products company componenta oyj hel : cth1v said yesterday that its net loss narrowed to eur7m for the first nine months of 2010 from eur23 3 m for the same period of 2009,positive,negative,False
we are selling an information systems development business to the finns,neutral,neutral,True
its product portfolio comprises harvesters forwarders harvester heads as well as cranes and loaders,neutral,positive,False
the transaction is subject to a final agreement between the parties approvals of their decision making bodies and approval by the finnish competition authority,neutral,positive,False
adp news oct 31 2008 finnish food company raisio oyj omx : raivv said today that its net profit jumped to eur 16 4 million usd 20 9 m for the first nine months of 2008 from eur 1 1 million for the same period of 2,positive,positive,True
the address location is provided to a local controller preferably by wireless transmission which then uses the address location to access the appliance control module,neutral,neutral,True
the commission is to be applauded for applying a fact based and data driven approach and for providing clarity for future petitions,positive,positive,True
employees are also better prepared to answer calls since they already have detailed information about the caller before they answer the phone,positive,positive,True
the company said that sales in the three months to the end of march slid to eur86 4 m us$ 113 4 m from eur91 2 m last year,negative,neutral,False
sdm offers general rental equipment aluminium scaffolding power generator and hoists to customers in the construction sector,neutral,neutral,True
the value of the order is nearly eur400m,neutral,positive,False
the total restructuring costs are expected to be about eur 30mn of which eur 13 5 mn was booked in december 2008,neutral,neutral,True
unit prices for straddle carriers vary between eur700 000 and eur900 000 the company added,neutral,neutral,True
the reason for this is st petersburg status as a capital one of the participants in the meeting quoted chikunov as saying,neutral,neutral,True
the pulp production in finnish kemij+ñrvi will also be liquidated and about 1 100 employees loose their jobs,negative,negative,True
these module products will be available for trials during 3q 07 and for volume deliveries during 4q 07,neutral,negative,False
the markets are almost completely controlled by three banks : nordea op bank group and sampo,neutral,neutral,True
pretax loss totalled eur 162 3 mn compared to a profit of eur 253 5 mn in 2007,negative,positive,False
construction is expected to be completed in the summer of 2011,neutral,neutral,True
pentik+ñinen emphasises that the most of the internet contents media houses provide can not be free forever,neutral,negative,False
these products include personal communications products such as mobile phones and their parts home communications products such as set top boxes and electronics for flat panel tvs as well as communications networks products such as base stations tower top amplifiers and microwave systems,neutral,positive,False
rapala vmc corporation rapala is a finland based company engaged in the manufacture and distribution of fishing equipment and accessories,neutral,positive,False
as a result the company currently anticipates net sales to increase and the operating result to be positive,positive,positive,True
sales vat inclusive expanded by 19 percent to 351 million euros,positive,neutral,False
cohen & steers inc : 5 534 530 shares representing 4 985 of the share capital and voting rights,neutral,positive,False
the proposal that the board of directors will make at the annual general meeting is attached as a whole to this release,neutral,neutral,True
it also confirmed its earnings guidance for the whole 2009 issued in its report for the whole 2008,neutral,neutral,True
the notice in its entirety with other proposals from the nomination committee and the board will be published at least four weeks before 28 april on the company s website and in post och inrikes tidningar and dagens industri,neutral,neutral,True
operating loss amounted to eur 0 7 mn compared to a profit of eur 0 8 mn in the second quarter of 2005,negative,positive,False
pharmaceutical market in netherlands global research & data services published recently a market analysis about the pharmaceutical markets in netherlands,neutral,neutral,True
finnish printed circuit boards pcbs maker aspocomp group oyj said on december 4 2006 it named henry gilchrist senior vice president of the group s asian operations as of january 8 2007,neutral,neutral,True
aldata noted that its voice supply chain technology approach enables vdw to integrate with warehouse management systems,neutral,neutral,True
the machine will have an annual production capacity of 200 000 tonnes of super calendered magazine paper and other paper grades based on recovered fiber stora enso said,neutral,positive,False
in 2009 comptel slipped to a net loss of eur2 1 m from a profit of eur6 6 m in the previous year,negative,positive,False
one of the largest projects of the magazine division of sanomawsoy sanoma magazines international in 2006 became launch of the russian magazine gloriya,neutral,neutral,True
elcoteq s electronics manufacturing services ems business segment serves customers globally in engineering manufacturing and fulfillment services,neutral,neutral,True
however biohit estimates its total net sales will continue to grow in 2009 and that favourable trends in net sales will lead to a profit in 2009,positive,positive,True
union and company officials did not return calls yesterday,neutral,neutral,True
niina nenonen marimekko s current director for clothing bags and accessories lines will take up this role,neutral,neutral,True
the copying republication or redistribution of afx news content inculding by framing or similar means is expressly prohibited without the prior written consent of afx news,neutral,positive,False
adp news nov 5 2008 finnish electronic measurement products and solutions maker vaisala oyj omx : vaias said today that its net profit rose to eur 18 million usd 23 1 m for the first nine months of 2008 from eur 1,positive,positive,True
about 72 of evraz group shares are owned by lanebrook whose beneficiaries on the one hand are millhouse the holding company for the assets of billionaire roman abramovich and his business partners 50 ; and evraz executives alexander abramov and alexander frolov 50 on the other,neutral,positive,False
the met is located in the central business district cbd of bangkok,neutral,neutral,True
the fair value change of investment properties was eur 15 8 mn compared to eur 22 9 mn in the third quarter of 2009,negative,positive,False
okhta center area is expected to have about 700 000 square metres of office premises by 2016,neutral,neutral,True
unc charlotte would also deploy ssh tectia connector to enable secure application connectivity,neutral,positive,False
nokia the world s largest mobile phone manufacturer and china postel china s largest mobile phone distributor have a long standing partnership that continues to grow stronger over time,positive,positive,True
kazgiprotsvetmet and outotec finland have signed an agreement on strategic cooperation in the marketing and providing of minerals processing and metallurgical plants and related services in kazakhstan and the surrounding countries,positive,positive,True
according to the report elisa s and dna s joint market share of finland s telecom market is 59,neutral,positive,False
the event can be followed on line via orion s finnish homepage at www orion fi as well as via the kauppalehti live web service at www kauppalehti fi live,neutral,positive,False
net income from life insurance doubled to eur 6 8 mn from eur 3 2 mn and net income from non life insurance rose to eur 5 2 mn from eur 1 5 mn in the corresponding period in 2009,positive,neutral,False
the company may at any time have in its possession one tenth of all its shares at the maximum,neutral,positive,False
the mill has long traditions and holds an established position in the markets,positive,neutral,False
the share capital of biotie therapies corp constitutes 90 211 860 shares in the aggregate and the number of voting rights attached to the shares amounts to 90 211 860,neutral,positive,False
public services will also be available,neutral,neutral,True
part of the reductions will be made through retirement arrangements,neutral,neutral,True
the trucks feature an eco drive system a fuel measuring tool which stores data particular to individual drivers,neutral,neutral,True
operating profit improved to eur 20 3 mn from eur 11 4 mn,positive,positive,True
finland s poyry energy has won a contract to advise builders of a new cogeneration power plant in lithuania s second biggest city of kaunas and to supervise the construction process,positive,positive,True
the annual report contains the financial statements the consolidated financial statements the report by the board of directors and the auditor s report,neutral,neutral,True
in january september 2007 operating profit totaled eur 20 5 mn,neutral,positive,False
finnish scanfil a systems supplier and contract manufacturer to the communications sector and the electronics industry reports net sales of eur 49 6 mn in the first quarter of 2009 which are only a per cent smaller than in the corresponding period in 2008,negative,neutral,False
our aim is to understand different traffic patterns based on the use of each building,neutral,neutral,True
as an alternative to the share exchange panostaja offers a full cash consideration at the value of 1 27 euro $ 1 7 per share,neutral,positive,False
corporate it update c 1995 2009 m2 communications ltd finnish technology group teleste corporation omx helsinki : tlt1v reported on wednesday 4 february an operating profit of eur5 6 m on net sales of eur108 7 m for the year 2008,neutral,positive,False
poyry s net sales in 2007 amounted to about eur 720 million and it employs 7400 experts,neutral,neutral,True
sales in finland decreased by 2 0 and international sales decreased by 9 3 in terms of euros and by 15 1 in terms of local currencies,negative,neutral,False
the new chain has 700 discount stores and 250 supermarkets,neutral,neutral,True
if you need malware removal tools type the url of your vendor of choice directly into the browser bar and use links on their website wrote trend micro s rik ferguson on monday,neutral,neutral,True
sponda is a property investment company specialising in commercial properties in the largest cities in finland and russia,neutral,neutral,True
the sellers include 40 shareholders including intellibis management employees and other investors,neutral,neutral,True
there has been some recovery of the base metals prices and increased demand for metals in china however,positive,positive,True
stora is due to release its fourth quarter and 2009 full year earnings on feb 4,neutral,neutral,True
earnings per share for the quarter were also higher year on year at 0 33 eur versus 0 27 and above market expectations of 0 28 eur,positive,positive,True
the contractor of the shopping center china state construction engineering corporation has previously built e g airports hotels and factories for large international customers in different parts of the world,neutral,neutral,True
the finnish government announced wednesday that it sold a 32 percent stake in chemicals and fertilizer group kemira oyj for x20ac 655 6 million $ 890us million sending the company s share price up 6 percent,positive,positive,True
berling capital umo capital and veikko laine are the biggest shareholders in amanda capital,neutral,neutral,True
her work at netapp included strategically repositioning the brand in the category and a major global relaunch,neutral,neutral,True
digia said its consolidated net sales for january june 2010 were eur67 8 m up 9 7 on the same period in 2009 eur61 9 m,positive,neutral,False
the company said that it has agreed to a eur160m unsecured credit line from lenders,neutral,positive,False
according to the notification the holdings of ameriprice inc and its group companies are now in total 808 973 shares which represent 3 582 of tekla ¦ s shares and voting rights,neutral,positive,False
helsinki afx shares closed higher led by nokia after it announced plans to team up with sanyo to manufacture 3g handsets and by nokian tyres after its fourth quarter earnings report beat analysts expectations dealers said,positive,positive,True
the value of the multi year agreement is over eur 2mn a year,neutral,positive,False
the contract incorporates a convergent charging rating solution for voice and data which includes internet gprs sms mms and wap,neutral,positive,False
no financial details were provided,neutral,negative,False
a helsinki : eliiv today reported eps of eur1 13 for 2009 an increase over eps of eur1 12 in 2008,positive,positive,True
may 29 2010 companiesandmarkets com delivered by newstex this report provides key data and information on the meat fish and poultry market in finland,neutral,neutral,True
metso s delivery will include a complete coated board line with related air systems and two winders,neutral,neutral,True
they can be used to control the speed of electric motors used by industry and municipal engineering and in power generation using renewable energy,neutral,positive,False
kesko has about 2 000 stores engaged in chain operations in the nordic and baltic countries russia and belarus,neutral,positive,False
the contract involves refurbishing the bathrooms of 189 units as well as re plumbing their water and sewer pipes,neutral,positive,False
adp news feb 6 2009 finnish fishing tackle company rapala vmc corp hel : rap1v said today its net profit rose to eur 19 2 million usd 24 6 m for 2008 from eur 17 5 million for 2007,positive,positive,True
the groups s turnover for the full fiscal year is expected to show a slight increase from the previous fiscal year,positive,positive,True
he joins technopolis from kone where he has held various positions within the group most recently as director of service business and business development for kone s middle eastern operations,neutral,neutral,True
the company which has eur2 8 bn in assets counts among its five largest shareholders finnish insurers ilmarinen 4 34 and varma 0 70 as well as the finnish state pension fund ver 0 61,neutral,positive,False
adjustment to the fall in price level in contrast has been less effective,negative,positive,False
the cosmetics collection includes an eye shadow face powder lip gloss mascara and accessories,neutral,neutral,True
finnish metal industry solutions supplier outotec oyj net profit rose to 50 4 mln euro $ 72 5 mln for the first nine months of 2007 from 20 1 mln euro $ 28 9 mln for the same period of 2006,positive,positive,True
of these shares 29 659 239 are held by the company or its group companies and the number of outstanding shares and voting rights attached to the shares thus amounts to 322 705 218,neutral,positive,False
we look forward to take part in the future development of the company says tomas billing president of nordstjernan,neutral,neutral,True
