text,true_label,predicted_label,correct
in food trade sales amounted to eur320 1 m a decline of 1 1,0,0,True
tikkurila powder coatings has some 50 employees at its four paint plants which generated revenues of eur2 4 m usd3 3 m in 2010,1,1,True
the second quarter of 2010 was the firstquarter with growth in net sales since the third quarter of2008 said magnus rosen ramirent ceo,2,2,True
finnish software developer done solutions oyj said its net profit increased to 3 5 mln euro $ 4 6 mln in 2006 from 2 3 mln euro $ 3 0 mln in 2005,2,2,True
pretax loss totalled eur 162 3 mn compared to a profit of eur 253 5 mn in 2007,0,0,True
the terms of the transactions remained undisclosed,1,1,True
we could be there,1,1,True
cramo slipped to a pretax loss of eur 6 7 million from a pretax profit of eur 58 9 million,0,0,True
the gypsii mobile social networking application is available in china with both chinese and english language support,1,1,True
quarterly diluted eps on continuing operations came in at 0 21 eur compared with last year s 0 12 eur,2,0,False
no compensation for its news opinions or distributions,1,1,True
rory fitzgerald general manager operations bristol port said : with the use of low maintenance technology we can save up to 30 per cent on servicing plus the load sensing hydraulics can save us an extra 15 to 30 per cent on fuel consumption,2,2,True
over the years the color orange has become synonymous with quality,1,2,False
teliasonera said about $ 100 million will be invested in the next year in the region to bring mobile coverage to about 90 of nepal s population,2,2,True
in 2009 kone had annual net sales of eur 4 7 billion and approximately 34 000 employees,1,1,True
the company s transportation business is conducted through florida rock & tank lines which is a southeastern transportation company concentrating in the hauling by motor carrier of liquid and dry bulk commodities,1,1,True
capman has four investment areas capman buyout capman technology capman life science and capman real estate and each of them has a dedicated team,1,1,True
shares of standard chartered stan rose 1 2 in the ftse 100 while royal bank of scotland rbs shares rose 2 and barclays shares barc bcs were up 1 7,2,2,True
as a result it has started negotiations with the banks on provisional amendments concerning the covenants and other credit terms,1,1,True
the commission is to be applauded for applying a fact based and data driven approach and for providing clarity for future petitions,2,2,True
combined net sales in 2006 were $ 27 million and ebitda was $ 13 7 million,1,1,True
re use back into pet bottles has also steadily increased and the rate of use in strapping tape has picked up again after a dip in 2005 petcore said previously,2,2,True
in 2007 almost two thirds of orion s net sales came from these drugs,1,1,True
in addition cramo and peab have signed exclusive five year rental agreements in finland and have extended their existing rental agreements in the swedish market for another five years,2,2,True
delivery is due in the second half of 2011,1,1,True
they are responsible for their own operations customer relationships and the development of these,1,1,True
result before taxes decreased to nearly eur 14 5 mn compared to nearly eur 20mn in the previous accounting period,0,0,True
affectogenimap builds highly customised it solutions for its customers in finland and the baltic countries,1,1,True
from merisatama to the far corners of the world asfaltti osakeyhti+â lemmink+ñinen was established in 1910 by a group of master builders in helsinki as a specialist business and subcontractor,1,1,True
cohen & steers inc : 5 534 626 shares representing 4 985 of the share capital and voting rights,1,1,True
proha plc euronext :7327 announced today 19 may that its fully owned subsidiary safran software solutions as has agreed to sell its 49 share of safran north america llc to a sna holding as an investment group based in norway,1,1,True
the acquired plant has an annual capacity of some 300 000 tonnes and most of its production is sold to domestic customers,1,1,True
the company says the measures are no longer needed,1,1,True
paper companies were in negative territories with stora enso r shedding 1 62 pct to 12 73 eur upm kymmene down 0 80 pct at 18 64 eur and m real b 0 18 pct lower at 5 57 eur,0,0,True
public services will also be available,1,1,True
finland based international machinery rental company ramirent plc omx helsinki : rmr1v said on friday 9 may that its president and ceo kari kallio has informed the board of his intention to retire in year 2009,1,1,True
the order is a follow on to an 11 mln euro $ 16 1 mln deal made in july 2007,1,1,True
finnish swedish tietoenator is expanding its business quickly in russia,2,2,True
nokia and capcom announced that resident evil degeneration will be released on n gage later this year,1,1,True
the utility will also provide services related to electricity management such as hedging trades and risk management and reporting,1,1,True
the previous offer was 3 4 of voting rights and 12 3 of capital,1,1,True
we re delighted with the move says morna cowie co owner above it s double the size of our current shop and has a lovely feel to it,2,2,True
the acquired business main asset is a mobile authentication and signing solution branded as tectia mobileid which provides authentication to web e mail ssl vpn ms sharepoint tectia secure solutions and other applications and resources,1,1,True
helsinki based componenta bought turkish listed company doktas in october 2006 for 89 million euros making it the largest finnish investment in turkey to date,1,1,True
the total size of the complex is around 25 000 m2 and the project will be constructed in stages,1,1,True
according to m real s ceo mikko helander this transaction will enable the company to proceed swiftly with its restructuring program,2,2,True
eur928 000 in q1 2010 6 may 2010 finnish textile and clothing design company marimekko oyj hel : mmo1v said today its net profit rose to eur928 000 in the first quarter of 2010 from eur13 000 in the corresponding period a year earlier,2,2,True
finnish geosentric s net sales decreased to eur 939 000 in january march 2009,0,0,True
to check them out or to make a bid they will be in the deka showroom fortitude valley,1,1,True
the figure includes the change in the fair value of the property portfolio eur 26 2 million,1,1,True
the acquisition is expected to take place by the end of august 2007,1,1,True
los angeles based pacific office properties trust acquires owns and operates office properties in the western u s focusing initially on the markets of honolulu san diego los angeles and phoenix,1,1,True
the rationalization of the operations seeks to achieve over eur 1 million in yearly savings as from the second quarter of the current financial year,2,2,True
subject matter of the invention furthermore is the use of the cyclone for separating partly molten particles,1,1,True
the contracts of the employees 96 of whom are blue collar workers will be ended between march and august 2011,0,1,False
the financial impact is estimated to be an annual improvement of eur2 0 m in the division s results as of fiscal year 2008,2,2,True
finnish forest machinery manufacturer ponsse s net sales grew to eur 51 3 mn in the first quarter of 2010 from eur 37 5 mn in the corresponding period in 2009,2,2,True
otherwise the situation is under control,1,1,True
total operating revenue grew by 27 6 year on year to eur61m,2,2,True
our customers come from the following countries : uk usa spain france italy germany china sweden norway netherlands austria belgium switzerland czech republic serbia finland canada russia ukraine portugal denmark ireland south korea estonia and liechtenstein,1,1,True
earnings per share eps amounted to a loss of to eur0 06,0,0,True
ruukki has signed a contract to deliver and install the steel structures for a bridge over the kyronsalmi strait in savonlinna finland,2,2,True
the contract incorporates a convergent charging rating solution for voice and data which includes internet gprs sms mms and wap,1,1,True
ramirent s net sales in the second quarterended june 30 were euro 128 7 million about u s $ 163 million a 3 3 percent increase compared with euro 124 6 million for thesecond quarter last year,2,2,True
it will be operated by nokia and supported by its nokia netact network and service management system,1,1,True
each share is entitled to one vote,1,1,True
the sales price was not disclosed,1,1,True
nordstjernan has used its option to buy another 22 4 stake of salcomp s shares and votes,1,1,True
the tool is a patent pending design that allows consumers to lay out their entire project on a removable plate using multiple clear stamps of any kind,1,1,True
stora enso oyj said its second quarter result would fall by half compared with the same period in 2007,0,0,True
the company is in charge of all natural gas storage activities in france great britain and germany,1,1,True
capman s first real estate fund which had a total investment capacity of euro 500 million and closed in june 2005 invested in commercial properties in the helsinki metropolitan area,1,1,True
london afx intertek group plc a testing and inspection company said its commercial and electrical division has bought finland based company natlabs oy from etteplan oyj for 1 3 mln eur in cash,1,1,True
the port facilities throughput is 250 000 teus and 7 5 mln tons of general cargo,1,1,True
the objective of the st petersburg office is first to boost the company s maintenance business,1,2,False
the two companies will also partner in further developing raiso s cholesterol lowering brand benecol,2,2,True
the company expects its net sales for the whole 2009 to be at previous year levels,1,2,False
the company said that it will supply the wcdma 3g hspa radio network including the modular high capacity nokia flexi wcdma base station in east java bali sumatra and batam,2,2,True
the price will be specified at the completion date,1,1,True
adp news nov 5 2008 finnish electronic measurement products and solutions maker vaisala oyj omx : vaias said today that its net profit rose to eur 18 million usd 23 1 m for the first nine months of 2008 from eur 1,2,2,True
as a result the company currently anticipates net sales to increase and the operating result to be positive,2,2,True
aspokem posted an operating profit of 2 7 mln euro $ 3 5 mln and net sales of 89 1 mln euro $ 116 8 mln in 2006,1,1,True
in providing managed services nokia takes responsibility for building operating and transferring as well as optimising the indosat 3g network,1,1,True
the company also estimates the already carried out investments to lead to an increase in its net sales for 2010 from 2009 when they reached eur 141 7 million,2,2,True
operating profit totaled eur 18 6 mn or 8 3 of net sales,1,1,True
finnish consulting and engineering group poyry plc omx helsinki : poy said on wednesday 1 october that it has been awarded a contract by tanqia dibba fzc as owner engineer for the wastewater system of dibba emirate of fujairah uae,2,2,True
the electricity requirement of networks will grow with the new mobile generation,1,2,False
the division also includes joint sales marketing and controlling functions for these units,1,1,True
the event can be followed on line via orion s finnish homepage at www orion fi as well as via the kauppalehti live web service at www kauppalehti fi live,1,1,True
veracel is preparing an appeal in the issue and has asked the court for clarification of the judgement,1,1,True
niklas skogster has been employed by the abb group in various positions concerning the development of operations,1,1,True
previously the company anticipated its operating profit to improve over the same period,2,2,True
for the new shares subscribed with stock options all shareholder rights commence from the date on which they are entered into the trade register,1,1,True
the net sales of the whole fiscal year 2008 will be lower than in 2007 and operating profit is estimated to be negative,0,0,True
in addition to fireplace exports demand for lining stone has exceeded the level of the earlier part of the year and will continue to be clearly brisker for the remainder of the year,2,2,True
russia s video international group holds a controlling stake in russian media ventures,1,1,True
cargotec corporation press release august 26 2008 at 10 a m finnish time cargotec s macgregor business area providing marine cargo handling and offshore load handling solutions has received significant offshore crane retrofit order,2,2,True
the vuokatti unit will be developed to focus especially on the manufacture of prototypes the ramp up of new products and the demanding testing and after sales services,1,1,True
delivery is expected to take place later this month,1,1,True
cash flow from operations in january december 2008 was a negative eur 18 1 mn compared to eur 39 0 mn in the corresponding period in 2007,0,0,True
pentik+ñinen emphasises that the most of the internet contents media houses provide can not be free forever,1,1,True
adp news dec 11 2008 finnish construction and engineering company outotec oyj omx : ote1v said today it won a eur 28 million usd 36 8 m order to expand the phosphate concentrator in siilinjarvi of norwegian minera,2,2,True
the exercise originated in finland in the early 1930s as a training method for cross country skiers,1,1,True
vianor sells tires for cars and trucks as well as a range of other car parts and provides maintenance services,1,1,True
fancy dans on the move fab glasgow gift and interiors store fancy dans is moving,1,1,True
mr kari stadigh will carry on as chairman of the board and mr matti arteva as vice chairman,1,1,True
nonwovens and specialty papers made by ahlstrom are used in a large variety of everyday products e g in filters wipes flooring labels and tapes,1,1,True
in terms of profitability and earnings 2007 was the best year in our history chief executive veli matti mattila said,2,2,True
profit per share was eur 1 03 up from eur 0 87,2,2,True
the combined value of the orders is almost eur 3mn,1,1,True
management decided at the end of 2005 to increase cathode copper capacity,1,2,False
commenting on the deal shane lennon svp of marketing & product development at gypsii said :,1,1,True
the finnish supplier of bss oss and vas for telecom operators tecnotree has received expansion orders worth a total us$ 7 3 mn for its convergent charging and next generation messaging solutions in latin america the company announced without specifying which operators had placed the orders,2,2,True
the company s profit totaled ls 578 100 in h1 2007 down 30 9 year on year,0,0,True
luxembourg registered investment fund amber trust ii has won the final approval of lithuania s competition council to acquire 29 6 percent of sanitas the country s largest pharmaceutical producer,2,2,True
sales climbed 19 2 pct to 1 002 bln eur surpassing the 953 mln eur consensus figure,2,2,True
total value of the contract is about eur 10mn,1,1,True
the ea reng group posted sales of approximately 84 million kroons for 2007,1,1,True
operating loss totalled eur 12 7 mn compared to a profit of eur 17 7 mn in the first half of 2008,0,0,True
panostaja oyj s board also decided at its organisational meeting held upon completion of the agm to implement the agm decision concerning board member fees paid as shares in such a way that shares are transferred on a quarterly basis on the date following publication of the quarterly annual report,1,1,True
the company designs and manufactures high quality clothing interior decoration textiles bags and other accessories,1,1,True
payment of shares shall be effected on subscription,1,1,True
telecom has a foreign investment limit of 74 but it appears that mobile vas does not which means that tecnomen can pick up as much as 96 6,1,1,True
trading in the new shares which have right to dividends and other distributions of funds will start on the exchange in helsinki tomorrow,1,1,True
the construction project is scheduled to start in the second quarter of 2009 and the new building is scheduled to be in place by the end of 2010,1,1,True
during the rally which was authorized by the city administration a consulate official came out to the workers spoke to them and took a letter from them,1,1,True
after the split the number of k shares will be 9 540 000 and the number of a shares 26 885 540,1,1,True
schwalm at outotec com eila paatela vice president corporate communications tel +358 20 529 2004 mobile +358 400 817198 e mail eila,1,1,True
operating profit margin increased from 11 2 to 11 7,2,2,True
a flurry analytics spokesperson said that as it was only measuring windows phone 7 data for some weeks the firm double checked the data to make sure the 66 per cent rise was not an aberration,1,2,False
in q1 of 2010 bank of +àland s net interest income increased from eur 9 1 mn to eur 9 7 mn,2,2,True
the point village designed by scott tallon walker will include a shopping center office premises a hotel and a cinema,1,1,True
finnish silicon wafers manufacturer okmetic oyj said it swung to a net profit of 4 9 mln euro $ 6 3 mln in the first nine months of 2006 from a net loss of 1 8 mln euro $ 2 3 mln a year earlier,2,2,True
timo penttila has been appointed new manager responsible for the asset management of nordea s institutional customers in finland,1,1,True
the finnish business delegation includes representatives from over 20 companies that include nokia corp finnfund outokumpu oyj oko bank alteams oy and cargotec corp,1,1,True
the finnish textiles and clothing company marimekko corporation omx helsinki : mmo1v reported on wednesday 5 november an operating profit of eur8 1 m on net sales of eur59m for the period from january to september 2008,1,1,True
the recent troubles simply make neteller cheaper,0,2,False
sales are expected to increase in the end of the year 2006 however,2,2,True
it is hand painted resin with real 14 0 trebles and is 75cm long by 25cm deep from top to bottom of the middle hook,1,1,True
the authorization is in force for a period of 18 months from the resolution by the general meeting,1,1,True
operating profit totalled eur 5 8 mn up from a loss of eur 1 7 mn in the fourth quarter of 2009,2,2,True
in february 2011 new wording of identity documents act that makes mobile id a state approved electronic document as of february 1st 2011 entered into force,1,1,True
in the spring 2006 a total of 386 530 stock options 2002 b were annulled,1,1,True
customers wave cards in front of the reader to make payments similar to touch and go cards used in transport systems,1,1,True
an audio webcast will be available live and archived on cerner s web site at www cerner com,1,1,True
estonia s agriculture minister helir valdor seeder is in finland on a two day visit in the course of which he will meet with his finnish counterpart sirkka liisa anttila,1,1,True
the whitehall street real estate funds invest in real estate and real estate related assets principally through the acquisition of real estate companies real property and mortgage loans,1,1,True
steek which was set up in 2002 is based in bordeaux southwestern france,1,1,True
blyk is launching first in the uk market in mid 2007 with other markets to follow,1,1,True
comparable operating profit totaled eur 4 7 mn down from eur 5 1 mn in the corresponding period in 2005 representing 7 4 of net sales,0,0,True
the reason for this is st petersburg status as a capital one of the participants in the meeting quoted chikunov as saying,1,1,True
the company has exported into about twenty european countries as well as to africa,1,1,True
the new technology improves the glass quality and consistency while increasing throughput,2,2,True
the share of the share capital of both above mentioned shareholders remains below 5,1,0,False
operating profit improved by 16 7 to eur 7 7 mn,2,2,True
deliveries have started and the network will be ready for a launch soon,2,1,False
upm kymmene www upm kymmene com produces magazine papers and newsprint as well as fine and specialty papers converting materials and wood products,1,1,True
finnish cargotec has been awarded a significant order for a total of 292 hiab loader cranes by bae systems in the us,2,2,True
the tekla structures 16 installation has been built according to microsoft s requirements for the windows 7 certification the company added,1,1,True
the firm s services include copying printing cad modelling digital printing scanning sokopro project bank and courier services,1,1,True
finnish it consultancy satama interactive oyj posted a net profit of 1 4 mln euro $ 2 0 mln for the first nine months of 2007 compared to a net loss of 462 000 euro $ 664 000 for the same period of 2006,2,2,True
he is a chartered accountant in british columbia and alberta as well as a certified public accountant in washington state,1,1,True
an of the invention released by the patent office said : a non coherent search matrix is formed of said correlation function matrix,1,1,True
the company admits that 36 months is a relatively short time when operating in russia,1,1,True
international sales rose by 59 8 to eur 1 244 4 mn,2,2,True
strong growth has continued also in china,2,2,True
the most popular mobile data services are email surfing the internet as well as news and weather services,1,1,True
cramo headquartered in vantaa finland rents construction machinery and equipment as well as rents and sells modular space,1,1,True
it is being developed by symbian the software licensing consortium led by nokia,1,1,True
finnish pulp and paper machinery maker vaahto group oyj swung to a 1 1 mln euro $ 1 4 mln net profit in the fiscal 2005 06 ended august 31 2006 from a 249 000 euro $ 319 000 net loss in the fiscal 2004 05,2,2,True
our approach is very much to only use raw materials that are produced in line with the principles of sustainable development,1,1,True
destia oy is a finnish infrastructure and construction service company building maintaining and designing traffic routes industrial and traffic environments but also complete living environments,1,1,True
the company operates through four principal divisions : consumer packaging ; office papers ; speciality papers as well as market pulp and energy,1,1,True
it also confirmed its earnings guidance for the whole 2009 issued in its report for the whole 2008,1,2,False
with the u s federal government putting a stake in the ground vendors and their customers are focused on meeting the deadline,1,1,True
the dismissed staff members will now take the matter to court unless it can be settled outside,0,1,False
the cost of the deal could range from 70 million to 90 million euros depending on the financial results of the two companies in 2008 the statement says,1,1,True
finnish component supplier componenta corporation omx helsinki : cth1v reported on tuesday 15 july an operating profit of eur46 2 m on net sales of eur386 0 m for the financial period january june 2008,1,1,True
operating profit totaled eur 5 5 mn up from eur 0 7 mn,2,2,True
reporting in accordance with the merged business operations will start as of january 1 2011,1,1,True
finnish glass technology company glaston oyj abp net profit decreased to 2 6 mln euro $ 3 8 mln for the first nine months of 2007 from 7 8 mln euro $ 11 4 mln for the same period of 2006,0,0,True
yit corporation sept 24 2007 at 13:30 corporate release stock exchange release yit s capital markets day in london sept 26 2007 on wednesday september 26 2007 yit will hold a capital markets day for investors and analysts in london,1,1,True
the final price will be specified by 14 may 2010 the acquiring company said,1,1,True
currently it operates a fleet of eight carriers as well as nine pushers and barges,1,1,True
stichting pensioenfonds abp : 4 118 122 shares representing 5 19 of the share capital and voting rights,1,1,True
the sale price was not disclosed,1,1,True
in finland the bank of +àland reports its operating profit fell to eur 6 1 mn in the second quarter of 2008 from eur 7 5 mn in the second quarter of 2007,0,0,True
the board of directors proposes to the shareholders meeting on 18 march 2010 that the company would pay dividend for the financial year january 1 december 31 2009 eur 0 02 per share,1,1,True
the exercise price of the option will be based on safran software solutions license and maintenance sales as well as the result of the company,1,1,True
the deal will have no significant effect on the acquiring company s equity ratio,1,1,True
sales of mid strength beer decreased by 40,0,0,True
operating profit increased by 145 1 to eur 8 3 mn from eur 3 4 mn,2,2,True
currently the company foresees its pre tax profit to remain below the 2009 level when it reached eur 700 000 usd 934 000 compared with previous projections of a slightly better pre tax profit,0,0,True
the company is headquartered in sievi finland and is listed on the nordic exchange in helsinki,1,1,True
the cranes would be installed onboard two freighters ordered by singaporean ship owner masterbulk,1,1,True
eps for the quarter was eur0 00 as compared with eur0 01 in the third quarter of 2008 representing a group net sales for the third quarter were eur15 3 m up by 2 8 as compared with eur14 9 m in the third quarter of 2008,2,2,True
it therefore seems that finnish shipping company viking line will get the subsidy it needs to order its new lng fuelled vessel,2,2,True
cerberus capital management lp backed printing paper maker newpage corp has posted mixed second quarter results casting a cloud over its planned initial public offering,0,0,True
however the rapidly increasing costs and the strengthening of the euro were challenging for the whole industry and they impacted on our results,0,0,True
operating profits in the half were 0 8 m down from 0 9 m as glisten invested in the brand and the management team,0,0,True
as with other stakeholders comptel has been involved in the workshops meetings and filed comments on the issues of greatest importance to the competitive sector of our industry,1,1,True
the name of the newspaper publishing and printing division sanoma will be changed to sanoma news,1,1,True
because the application can be considered as a hacking application it is classified by f secure as riskware,1,1,True
the transaction is expected to be completed next spring,1,1,True
finnish operator elisa and aker yards have signed a long term service deal through which elisa will deliver all necessary voice and data services for aker yards in finland,2,2,True
london s leading shares today jumped almost 100 points or 1 7 as the market opened,2,2,True
the group intends to relocate warehouse and office space in loudeac and saint marcel to morvillars in the east of the country where it already operates a hook manufacturing and distribution unit,1,1,True
no changes regarding the virala oy ab s ownership of shares of tiimari has taken place,1,1,True
in q1 of 2009 the company s operating loss totalled eur 0 3 mn compared to a profit of eur 3 6 mn in q1 of 2008,0,0,True
thus the group s balance sheet will have about eur25 8 m of goodwill the company added,1,1,True
a paper mill in the central maine town of madison soon will have a new owner,1,1,True
revenue for the quarter totaled 27 4 billion down 2 percent from 28 1 billion in the fourth quarter in 2008,0,0,True
earnings per share eps amounted to eur1 37 down from eur2 30,0,0,True
net sales of kyro s main business area glaston technologies a manufacturer of glass processing machines decreased to eur 161 5 mn from eur 164 1 mn in january september 2005,0,0,True
also the development of online businesses will continue,1,1,True
industry investment is very interested in glaston s solar energy projects,2,2,True
the pretax profit of the group s life insurance business increased to eur 36 million from eur 27 million,2,2,True
h+ñkan dahlstr+âm head of mobility services at teliasonera has forecast that mobile data volume on the teliasonera network in sweden will rise eight fold to 200 000 tb by 2014,2,2,True
kemira headquartered in helsinki finland is an international chemicals group comprising the business areas kemira pulp & paper kemira water kemira specialty and kemira coatings,1,1,True
the oulu plant employs approximately 120 people,1,1,True
he does not believe however that hkscan or atria will start to use imported meat as finnish consumers prefer domestic products,1,1,True
it is the last smartphone running maemo 5 which is to be replaced with meego a joint project between nokia intel and the open source community,1,1,True
the presentation material can be viewed on the company s website in english after the conference,1,1,True
net sales totaled eur 93 6 mn up from eur 93 2 mn in the corresponding period in 2005,2,2,True
the company will propose a dividend of eur0 12 per share for 2008,1,1,True
cdp was established on the initiative of institutional investors ; however the annually published results also interest an increasing number of customers and other interest groups of the reporting companies,1,1,True
operating profit was eur 139 7 mn up 23 from eur 113 8 mn,2,2,True
terms of the acquisition were not disclosed,1,1,True
the purchase price was not disclosed,1,1,True
helsinki afx salcomp the mobile phone charger manufacturer said it has appointed markku hangasjarvi as its new ceo following the resignation of mats eriksson,1,1,True
operating margin however slipped to 14 4 from 15 1 dragged down by a poor performance in enterprise solutions,0,0,True
the company employing 6 400 reported net sales of 620 mln euro $ 823 2 mln for 2006,1,1,True
the right margin will be viewed separately in detail with every customer,1,1,True
very recommendable is the nokian z g2 according to the adac judgement in the latest summer tyre test of the german automobile association adac,2,1,False
operating profit excluding restructuring costs grew to eur 44 5 million from eur 31 7 million while operating profit including restructuring costs showed even larger growth to eur 38 5 million from eur 7 4 million,2,2,True
dirk jones head of financial institutions client sales management gts citigroup inc said citi is extremely pleased to be providing global custody services to pohjola group bank,2,2,True
we are now taking marimekko there on a distinctly more significant scale,1,1,True
alexandria va nov 19 erkki aho elimaki finland has developed a method and apparatus in conjunction with a shoe press,1,1,True
salcomp oyj the finnish maker of mobile phone chargers monday posted a eur1 49 million loss in the second quarter compared with a 1 70 million profit in the same period the previous year,0,0,True
initial estimated total value of the contract was 250 000 euros excluding vat,1,1,True
also a seven year historic analysis is provided for these markets,1,1,True
finnish financial software solutions developer basware oyj said its net profit fell to 884 000 euro $ 1 2 mln for the first quarter of 2007 from 2 0 mln euro $ 2 7 mln a year earlier,0,0,True
the intent of the article was to focus attention on the fact that the development model that china had followed was very different than the model that india had followed,1,1,True
tecnomen s solution can be used for prepaid and post paid billing for charging and rating of voice and video calls data traffic and any kind of content services in both mobile and fixed networks,1,1,True
the company s consolidated operating profit amounted to eur 15 86 mn up from eur 4 14 mn year on year,2,2,True
the tower s engineers have created an 18 degree westward lean four times the inclination on the leaning tower of pisa using diagrid structures that are aligned geometrically using tekla structures bim building information modeling software,1,2,False
narrows to eur2 8 m 9 mo 09 29 october 2009 finnish software and hardware developer elektrobit oyj hel : ebg1v or eb said today that its net loss narrowed to eur2 8 m for the first nine months of 2009 from eur35 6 m for the same period a year ago,2,2,True
london marketwatch nokia nok said it s won a five year services contract to run hutchison essar s network operations in nine locations in india,2,2,True
the manufacturing will begin in pietarsaari in the beginning of the year 2009 and the delivery will take place in october 2009,1,1,True
the repurchase of the bonds was executed in the open market in accordance with section 7 f of the terms and conditions of the convertible bonds,1,1,True
finnish fibers and plastics producer suominen corporation omx helsinki : suy1v reported on wednesday 22 october an operating loss of eur0 8 m on net sales of eur55 2 m for the third quarter of 2008,1,0,False
our customer has been satisfied with basware invoice automation solution and extends the implementation to new geographies,2,2,True
kaleva kustannus oy business id 0187274 0 has according to its notice on 10 august 2009 acquired 4 458 000 alma media shares,1,1,True
mobile phone shipments jumped 26 percent to almost 112 million units while finnish company s global market share rose to 39 percent from 36 percent,2,2,True
in january september 2009 the group s net interest income increased to eur 112 4 mn from eur 74 3 mn in january september 2008,2,2,True
adp news finnish handling systems provider cargotec oyj hel : cgcbv announced on friday it won orders worth eur 10 million usd 13 2 m to deliver linkspans to jordan morocco and ireland,2,2,True
it estimates the operating profit to further improve from the third quarter,2,2,True
the power generated annually by loviisa covers about 10 of finland s electricity consumption,1,1,True
the mill will have capacity to produce 500 000 tonnes of pulp per year,1,1,True
the aim is an annual improvement in ruukki construction s operating profit of more than eur 3 million usd 4 1 m starting in 2009,2,2,True
pretax profit rose to eur 1 019 mn from eur 1 007 in the corresponding period in 2005,2,2,True
when completed the 120 meter watchtower will be the highest building in ireland,1,1,True
the share capital of basware corporation is 11 720 829,1,1,True
operating profit fell to eur 38 1 mn from eur 55 3 mn in 2007,0,0,True
the aforementioned shareholders have informed that they will propose to the annual general meeting that the number of members of the board of directors shall be five and that besides the present members of the board of directors also mr lassi noponen shall be elected to the board of directors,1,1,True
the construction of a large woodworking facility in the sheksna district of the vologda region in northwest russia will begin in 2009 and the plant will start production in 2011,1,1,True
it is now the leading private road ambulance service company in finland,2,2,True
estonia s beer market overall grew three percent last year to 130 million liters,2,2,True
the company has 120 employees and annual sales of approximately eur16m,1,1,True
net sales decreased to eur 220 5 mn from eur 470 0 mn in the corresponding period in 2009,0,0,True
finnish property investor sponda said it has agreed a 100 mln eur five year mln credit facility with swedbank and a 50 mln eur seven year facility with oko bank,1,2,False
uponor made an operating profit of eur 151 0 mn up from eur 143 7 mn which made 2007 a record year,2,2,True
the bond has a value of eur150m and a maturity of 4 years,1,1,True
he answers questions on how many visitors conversations gets how big the team is and what the problems are when setting up social media channels,1,1,True
the company is studying the feasibility of focusing most of its processed meat production in the vantaa facilities and the processing of fresh meat in the forssa facilities,1,1,True
adp news feb 11 2009 finnish wood products technology supplier raute oyj hel : rutav said today its net profit decreased to eur 4 7 million usd 6 1 m for 2008 from eur 6 6 million for 2007,0,0,True
finnish construction company yit is reducing the number of start ups of market financed residential units in 2007 to about 2 300 from the previously announced 2 700,0,0,True
operating profit totalled eur 7 0 mn up from a loss of eur 4 0 mn in the second quarter of 2009,2,2,True
profit for the period totalled eur 1 1 mn down from eur 1 6 mn in the third quarter of 2008,0,0,True
in the building and home improvement trade sales decreased by 6 3 totalling eur 154 1 mn,0,0,True
finnish business software group affectogenimap oyj said its net profit halved to 1 2 mln euro $ 1 5 mln in the first nine months of 2006 from 2 2 mln euro $ 2 8 mln in the same period of 2005,0,0,True
sales in finland decreased by 10 5 in january while sales outside finland dropped by 17,0,0,True
the total project duration is three years and it is valued at some eur11 5 m,1,1,True
the statutory negotiations at headquarters are part of this decrease,1,1,True
adp news feb 4 2009 finnish broadband data communication systems and solutions company teleste oyj hel : tlt1v said today its net profit decreased to eur 5 5 million usd 7 2 m for 2008 from eur 9 4 million for 200,0,0,True
the corresponding increase in the share capital in total eur 300 00 was registered in the finnish trade register on may 8 2008,1,2,False
at the end of march 2007 the group s order book was at eur 39 6 mn up 42 from the corresponding period in 2006,2,2,True
more staff has been recruited in japan to further complement its network of close to 50 service locations in more than 20 countries worldwide,2,2,True
operating profit rose from eur 1 94 mn to eur 2 45 mn,2,2,True
nokia multimedia s net sales totaled eur 5 7 bn up 45 from the corresponding period in 2005,2,2,True
sanoma also has an executive committee in accordance with the company s articles of association that prepares proposals for matters to be decided or noted by the board of directors,1,1,True
pretax loss totaled eur 117mn compared to a loss of eur 65mn in the corresponding period,0,2,False
the total value of the agreement is usd4 0 m the company said,1,1,True
the company s profit totaled ls 134 700,1,1,True
finland s poyry energy has won a contract to advise builders of a new cogeneration power plant in lithuania s second biggest city of kaunas and to supervise the construction process,2,2,True
the 19 200 square metre technology center is located near university of tampere in central tampere,1,1,True
according to scanfil demand for telecommunications network products has fluctuated significantly in the third quarter of 2006 and the situation is expected to remain unstable for the rest of the year,0,0,True
operating profit declined mainly due to the increased cost of wood and recycled fiber and the strengthened euro,0,0,True
in today s business you have to pre empt what consumers want said mohammed zainalabedin general manager zain bahrain,1,1,True
the method utilises waterborne ultra products giving protection to wooden surfaces in an industrial painting process whereby two layers of top coat are applied on exterior wooden panels and boards without a separate primer,1,1,True
as defences mature attackers develop trojans that are equipped with content filters to detect online banking activity for capturing account details using methods such as form grabbing screen shots video captures keylogging and injection of form fields,1,1,True
apartments of yit home may be purchased in 5 regions of russia where yit subsidiaries carry out their activities : moscow and moscow region st petersburg ekaterinburg kazan and rostov on don,1,1,True
the estimated value of the contract is eur12 4 m vaisala headquartered in helsinki in finland develops and manufactures electronic measurement systems for meteorology environmental sciences traffic and industry,1,1,True
pge belchatow runs the 4 44 gw belchatow coal fired power plant and fortum has intentions to start a ccs demonstration project jointly with teollisuuden voima oyj tvo another finnish utility at the their jointly owned 565mw meri pori coal fired facility,1,2,False
among other industrial stocks metso added 0 53 pct to 40 04 eur wartsila b was down 0 77 pct at 47 87 eur and rautaruukki k was 1 08 pct lower at 37 56 eur,1,0,False
the recruitment is related to the relocation of stora enso s research operations to karlstad central sweden,1,1,True
revenue in the quarter fell 8 percent to euro 2 4 billion compared to a year earlier,0,0,True
it has some 30 offices worldwide and more than 90 pct of its net sales are generated outside finland,1,1,True
currently glaston employs approximately 1 500 persons,1,1,True
finnish bank of +àland reports its operating profit fell to eur 4 9 mn in the third quarter of 2007 from eur 5 6 mn in the third quarter of 2006,0,0,True
the center offers a comprehensive range of device design services spanning from electronics mechanics and software design to a full range of testing laboratory services,1,1,True
net sales grew in the period to x20ac 402 million $ 585us million from x20ac 401 million in 2006,2,2,True
aldata said that there are still a number of operational aspects to be defined between it and microsoft and further details of the product and market initiatives resulting from this agreement will be available at a later date,1,1,True
the company s scheduled traffic measured in revenue passenger kilometres rpk grew by just over 2 and nearly 3 more passengers were carried on scheduled flights than in february 2009,2,2,True
finnish bank of +àland reports operating profit of eur 2 2 mn in the first quarter of 2010 down from eur 6 3 mn in the corresponding period in 2009,0,0,True
digia will also set up two subsidiaries digia norway as and digia usa inc,1,1,True
the value of the orders is over eur 25mn,1,1,True
the objective of the planned measures is to achieve significant savings in the next few years,2,2,True
the firm is headquartered in vantaa southern finland and has 16 employees,1,1,True
earnings per share eps in the first half of 2007 amounted to eur0 29 down from eur0 40 year ago,0,0,True
the company which makes garden tools scissors and other consumer goods said earnings were boosted by 6 9 mln eur of income it received from its 16 7 pct shareholding in finnish engineering group wartsila,2,2,True
the company reiterates its outlook for 2009,1,2,False
poyry is a global consulting and engineering firm focusing on the energy forest industry and infrastructure & environment sectors,1,1,True
scanfil issued a profit warning on 10 april 2006,0,0,True
however its market share shrank to 47 59 per cent from 48 per cent a year earlier,0,0,True
we ve been feeling quite positive about the region as a whole,2,2,True
www countryelements co uk designed by patricia burt this is just one of a selection of distinctive hooked rugs created with recycled materials and dyed natural dyes,1,1,True
related links : flexiblebaseloadoperation thewartsila32generating set gasconversions this is the shorter of two versions of this press release,1,1,True
the order is related to renewing the network of the telecommunications operator,1,1,True
earnings per share eps in 2005 decreased to eur1 87 from eur1 89 in 2003,0,0,True
finnlines estimated in its annual general meeting that 2008 will be financially a tough year due to large investments,0,0,True
protalix is developing genetically engineered proteins from plant cells,1,1,True
the company s board of directors has proposed a dividend of eur0 12 per share for 2006,1,1,True
stuk today is a full service house expert in radiation and nuclear safety issues,1,1,True
the company said offshore segment represented 43 of the total marine engines orders for the july september 2010 period merchant 33 special vessels 18 and cruise and ferry and ship design 2 and 3 respectively,1,1,True
the remaining amount will be funded through debt the danish bank said,1,1,True
tielinja generated net sales of 7 5 mln euro $ 9 6 mln in 2005,1,1,True
it includes options for additional 30 communal building sites as well as construction supervision works for all construction sites,1,1,True
it holds 38 percent of outokumpu s shares and voting rights but in 2001 lawmakers gave it permission to reduce the stake to 10 percent,1,1,True
the agreement is valid for four years,1,1,True
the result will also be burdened by increased fixed costs associated with operations in china and restructuring costs in japan,0,0,True
the net sales decreased to eur 49 8 million from eur 59 9 million,0,0,True
the online ice chart shows no ice in the area of estonia s sea ports on the coast of the gulf of finland,1,1,True
operating profit totaled eur 17 7 mn compared to eur 17 6 mn in the corresponding period in 2007,2,0,False
finnish metal products company componenta oyj net profit rose to 26 1 mln euro $ 35 9 mln for the first quarter of 2007 from 5 3 mln euro $ 7 3 mln for the same period of 2006,2,2,True
it will focus on improving its profitability next year by streamlining operations,2,2,True
ebitda for the year 2009 improved to eur484m as compared with eur472m in 2008,2,2,True
the name of the buyer was not disclosed,1,1,True
it allows the young child to move forward with his life,2,1,False
according to olvi s managing director lasse aho the company has an ongoing mmx plus project that aims to find growth outside finland,2,1,False
the price of the 10 000 kroon par value bonds was 9663 51 kroons in the primary issue,1,1,True
this will be done domestically and in neighboring markets both organically and through acquisitions,1,1,True
the aim is to develop open source application solutions,1,1,True
russia wants to utilise its huge forest reserves in a very different way from what has been done so far,1,1,True
the industry is coming to an interesting fork in the road as both handset manufacturers and wireless carriers attempt to serve as the portal for web based service to your wireless handset he wrote,1,1,True
finnish pharmaceuticals company orion reports profit before taxes of eur 70 0 mn in the third quarter of 2010 up from eur 54 9 mn in the corresponding period in 2009,2,2,True
the planned ethanol and energy production plant can operate in correlation with a waste treatment unit or a paper mill,1,1,True
finnish construction group lemmink+ñinen has been awarded two road building contracts by the lithuanian transport administration,2,2,True
the scheme for teliasonera and altimo is practically identical except that it involves the merger of their stakes in vimpelcom and kyivstar,1,1,True
in january traffic measured in revenue passenger kilometres rpk went up by 3 2 and capacity measured in available seat kilometres ask rose by 12 2,2,2,True
in the reporting period the company s operating profit grew by 43 2 to eur 6 million,2,2,True
the owners who have participated in the business operations of the company will continue in poyry s employment after the transaction,1,1,True
it is also 7 7 pct above the 12 month volume weighted average price of the stock,2,2,True
the markets expect heineken to sell hartwall as a whole or in parts,1,1,True
the item included restructuring costs of eur1 6 m while a year earlier they were eur13 1 m diluted eps stood at eur0 3 versus a loss per share of eur 0 1,2,2,True
what would you like to see changed on nokia s next attempt,1,1,True
the financial statements and interim reports will be released around at 9 00 a m finnish time on the given dates,1,1,True
the finnish paints company acquired the remaining 49 pct that it did not own from ukraine s lgu for an undisclosed sum,1,1,True
the plant would use palm oil certified by the roundtable on sustainable palm oil rspo,1,1,True
technopolis has set aside a plot of land measuring 4 6 hectares to build the park mikkonen said,1,1,True
operating profit was eur 11 4 mn up from eur 7 5 mn,2,2,True
the building will house product development and test laboratories,1,1,True
nd not disclosed,1,1,True
the sellers were eoss innovationsmanagement and a group of private individuals,1,1,True
the value of the contract is about eur 27mn,1,1,True
the unit is planned to be operational during the second half of 2007 and in full stream in 2008,1,1,True
the transaction value is cad 15 million approximately eur 10 million,1,1,True
operating profit totalled eur 9 0 mn down from eur 9 7 mn in the first half of 2008,0,0,True
to see a slide show of all the newest product releases from fiskars,1,1,True
net sales fell by 33 from the third quarter of 2008 to eur 130 5 mn,0,0,True
as part of the transaction m real and sappi have also signed a long term agreement on the supply of pulp and bctmp and other smaller services and supplies,2,2,True
the company has some 410 employees and an annual turnover of eur65 4 m vaahto group is listed on the nordic exchange in helsinki,1,1,True
the filter tips cover the volume range from 0 1 1200 ál including new sizes for 10 20 100 120 200 300 1000 and 1200 ál volume capacities,1,1,True
finnish electronics manufacturing services ems company elcoteq se posted a net loss of 66 4 mln euro $ 91 2 mln for the first half of 2007 compared to a net profit of 7 1 mln euro $ 9 8 mln for the same period of 2006,0,0,True
lkab headquartered in lulea sweden is a high tech mining company producing upgraded iron ore products for the steel industry,1,1,True
talentum expects that the net sales of its core business will increase in 2008 compared to 2007,2,2,True
choose from a giant countdown with red head or rainbow trout or the giant shad rap in perch color,1,1,True
the following information was released by comptel : tomorrow the chairman of the federal communications commission is scheduled to deliver the national broadband plan to congress,1,1,True
the company has the poser who wants to impress people with the latest handset,1,2,False
the offer of some 30 million shares aimed to raise more than x20ac 500 million us$ 640 million was expected to be completed by oct 9 outokumpu said,1,1,True
according to viking line s managing director nils erik eklund the company s board of directors is very satisfied with viking line s performance,2,2,True
currently alfred a palmberg is putting the finishing touches to one of finland s biggest ever re plumbing and bathroom refurbishment projects also in the district of vuosaari,1,1,True
finnish navigation device manufacturer benefon that is changing its name to geosentric reports net sales of about eur 1 1 mn in the second quarter of 2007,1,1,True
furthermore efficiency improvement measures initiated earlier are now bearing fruit ceo jan lang said,2,2,True
the second company acquired is sweden s reftele maskinservice ab whose business is mainly field services and spare parts manufacturing with 10 employees and 1 2 mln eur sales a year,1,1,True
elcoteq has a global network of after market service sites which have a long experience in serving consumer electronics and systems solutions customers,1,2,False
global sports equipment maker amer sports corp whose brands include atomic salomon and wilson saw a 64 percent increase in third quarter net profit to euro 47 4 million $ 65 million on strong sales and cost cuts,2,2,True
the deal includes an option for cramo to buy out the minority stake in 2011,1,1,True
currently the company uses eight similar reach stackers and four empty container handlers by konecranes,1,1,True
the number of magazine and newspaper readers remained unchanged,1,1,True
those uncertainties cloud the long term outlook,0,1,False
huhtamaki oyj stock exchange release 16 12 2008 at 09:30 huhtamaki oyj has resolved to clarify the group structure by separating the foodservice and consumer goods businesses in its production unit in hameenlinna finland by transferring the businesses into its wholly owned subsidiaries,1,1,True
the company is listed on the nordic exchange in helsinki,1,1,True
the company said that 80 of the shares of the holding company will be sold to meadville holdings limited a hong kong listed parent company of the meadville group,1,1,True
basware finances the acquisition with a bank loan,1,1,True
the corrected chapter is in its entirety below,1,1,True
copyright afx news and afx financial news logo are registered trademarks of afx news limited,1,1,True
while the company did not indicate the level of investment in the unit it said that has purchased the equipment of nokia corporation s mobile phone r&d laboratory in jyvaeskylae,1,1,True
most of the growth in beer consumption took place in the far east latin america and africa,1,2,False
the bridge is part of the highway 14 development project,1,1,True
the changes will take effect on 1 january 2010 and they are not estimated to have an impact on the number of employees,1,1,True
lemminkainen talo oy s lahti office is a significant logistics and business premises constructor,1,1,True
navteq has a commanding lead in installed map data systems in north american vehicles and may be the leader in turn by turn navigation data offered by services such as onstar in north america said analyst phil magney of telematics research group in minnetonka minn,2,2,True
the price of gmo soy is 5 7 lower than that of non gmo,1,0,False
in january september 2010 fiskars net profit went up by 14 year on year to eur 65 4 million and net sales to eur 525 3 million from eur 487 7 million,2,2,True
the order was valued at usd12 2 m,1,1,True
the period s sales dropped to eur30 6 m from eur38 3 m according to the interim report released today,0,0,True
this is a repeat order to follow successfully installed 159 elevators in the same delhi metro system kone spokeswoman told thomson financial news,2,1,False
one can also apply for jobs directly from the ipad select which cv to attach and which covering letter is most appropriate for each position,1,1,True
finnish scanfil a systems supplier and contract manufacturer to the communications sector and the electronics industry reports its net sales totalled eur 94 7 mn in the first half of 2010 down from eur 99 5 mn in the first half of 2009,0,0,True
diluted earnings per share eps rose to eur 0 52 versus eur 0 09,2,2,True
the operating loss amounted to eur 0 8 mn compared to a profit of eur 3 9 mn a year earlier,0,0,True
profit for the period totalled eur 0 8 mn down from eur 1 1 mn in the corresponding period in 2008,0,0,True
however the orders received during the period under review fell by 17 quarter on quarter from the eur 213 million recorded in the second quarter of 2010,0,0,True
operating profit of the asian plants grew markedly,2,2,True
frost sold shares for $ 19 million at $ 6 06 7 12 per share compared with friday s high of $ 11 33 and low of $ 10 14,0,0,True
we have tailored our solutions to meet solel s technical requirements and the result is both cost effective manufacturing and highest quality reflectors,2,2,True
3 january 2011 finnish flag carrier finnair oyj hel : fia1s said today it sealed a nine year sale and leaseback agreement for its newest airbus a330 aircraft for syndication into the japanese operating lease market,2,2,True
only this time nokia india s largest mnc has sought out a topic that could spark off a million approaches creativity in emerging markets,1,1,True
both operating profit and turnover for the nine month period increased respectively from eur2 4 m and eur43 8 m as compared to the corresponding period a year ago,2,2,True
also a six year historic analysis is provided for these markets,1,1,True
the first stage of the contract covers 133 stores and 600 cash registers,1,1,True
m real which is part of finnish paper maker metsaliitto group is due to release its second quarter report at around 12:00 eet on 5 august 2010,1,1,True
chs expo freight is a major finnish fair exhibition and culture logistics company that provides logistics services to various events by land air and sea,1,1,True
therefore the company s 2005 result will remain weaker than that of 2004,0,0,True
in q1 10 19 april 2010 finnish forest machinery and equipment maker ponsse oyj hel : pon1v said today that it expects to swing to a net profit of some eur6 3 m in the first quarter of 2010 from an eur9 6 m loss a year earlier,2,2,True
the main strength of the cooperation project lies in merging the know how of two large companies,2,2,True
jon risfelt is 49 years old holds a master of science in chemical engineering from the swedish royal institute of technology,1,1,True
no financial details were provided,1,1,True
foundries division reports its sales increased by 9 7 to eur 63 1 mn from eur 57 5 mn in the corresponding period in 2006 and sales of the machine shop division increased by 16 4 to eur 41 2 mn from eur 35 4 mn in the corresponding period in 2006,2,2,True
external net sales from the printing business fell by 43 7 partly due to the termination of the printing contract between ilkka yhtyma s printing house i print oy and sector player hss media ab in december 2009 and the fall in printing prices,0,0,True
swedish finnish and danish listed companies are organized in three market cap segments nordic large cap mid cap and small cap,1,1,True
body es vostok also owns stakes in power sales companies mosenergosbytbody rts : mssb 50 9 altaienergosbyt 100 saratovenergo rts : sare body 48 36 and tambov power sales company rts : tasb 49 01 all ofbodywhich it received from the distribution balance,1,1,True
ruukki romania the local arm of finnish metal producer ruukki increased its capital by 900 000 euro $ 1 14 mln through cash contribution it was reported on september 19 2006,2,2,True
basware einvoices oy will be merged into the parent company during the present fiscal period,1,1,True
the connectivity unit has more than 100 e invoice customers and the number of annual transactions stands at nearly one million,1,1,True
ixonos will finance the acquisition through a 3 8 mln euro $ 5 2 mln loan,1,1,True
finnish konecranes is again trying to acquire italian fantuzzi a manufacturer of gantry cranes and reach stackers,1,1,True
investors will continue being interested in the company s share although it is not quite cheap affarsvarlden said,2,2,True
tulikivi manufactures heat retaining soapstone and ceramic fireplaces as well as natural stone products and utility ceramics,1,1,True
a huge issue for us is the button placement,1,1,True
ragutis controlled by the finnish brewery olvi achieved a 5 7 percent rise in beer sales to 22 6 million liters and held a 10 75 percent market share,2,2,True
the airline estimated that the cancellation of its flights due to the closure of european airspace and the process of recommencing traffic have caused a the company a loss of eur20m including the costs of stranded passengers accommodation,0,0,True
its product portfolio comprises harvesters forwarders harvester heads as well as cranes and loaders,1,1,True
tikkurila a division of kemira group controls about 23 of the russian market in its field and owns st petersburg paint producer tex,1,1,True
the floor area of the yliopistonrinne project will be 7 900 sq m 85 030 sq ft and the building s gross area will total 12 800 sq m a total 25 1 of the facilities have been let,1,1,True
in the building and home improvement trade net sales totalled eur 1 173 mn down from eur 1 566 mn a year earlier,0,0,True
the value of the multi year agreement is over eur 2mn a year,1,1,True
at this growth rate paying off the national debt will be extremely painful,0,0,True
the products have a low salt and fat content,1,2,False
the finnish company is building a 800 000 mt year biodiesel plant in singapore,1,1,True
the production is to be liquidated before june 2009 and 325 employees loose their jobs,0,1,False
in the fourth quarter of 2008 net sales decreased to eur 121 4 mn from eur 165 5 mn in the fourth quarter of 2007,0,0,True
cargo traffic fell 1 year on year to 8 561 tonnes in september 2009,0,0,True
addus services include personal care and assistance with activities of daily living skilled nursing and rehabilitative therapies and adult day care,1,1,True
previously it projected the figure to be slightly lower than in 2009,1,0,False
the center will be built in the kapuli district of mantsala beside the hanko mantsala porvoo road near the new direct rail link between lahti and jarvenpaa,1,1,True
the world s second largest stainless steel maker said net profit in the three month period until dec 31 surged to euro603 million us$ 781 million or euro3 33 us$ 4 31 per share from euro172 million or euro0 94 per share the previous year,2,2,True
operating profit for the three month period increased from eur1 2 m while revenue increased from eur20 2 m as compared to the corresponding period in 2005,2,2,True
the ntsb said investigators are set to conduct sight distance tests on july 18 using trains similar to those involved in the accident,1,1,True
we went to the market with yield guidance of the 7 25 area which gave us the flexibility to go up or down by 1 8th,1,2,False
the apple inc iphone wo n t change the game plan for verizon communications inc chief executive ivan seidenberg said wednesday,1,1,True
the government started the sell off last month putting an 8 percent stake in teliasonera on the auction bloc,1,1,True
with this acquisition panostaja oyj further expands its business area specialising in digital printing,2,2,True
it is expected to be online by 2011,1,1,True
this new partnership agreement represents a significant milestone for both parties,2,2,True
net sales will however increase from 2005,2,2,True
the order comprises all production lines for a plywood mill company said in a statement received by lesprom network,1,1,True
according to saarioinen s managing director ilkka m+ñkel+ñ the food industry sector has a significant excess of production machinery,1,0,False
closing of such transaction took place today,1,1,True
finnish cutlery and hand tools maker fiskars oyj abp hel : fisas said today its net profit rose to eur 24 1 million usd 33 6 m in the third quarter of 2010 from eur 17 9 million a year earlier,2,2,True
it has been agreed with the company s board of directors that she will be available in an advisory role,1,1,True
adpnews may 4 2010 finnish cutlery and hand tools maker fiskars oyj abp hel : fisas said today its net profit declined to eur 12 9 million usd 17m in the first quarter of 2010 from eur 17 million in the correspond,0,0,True
active shipping is essential for finland,1,1,True
no pricing details were disclosed,1,1,True
shock phase consumers have once again started to plan and implement building projects,1,1,True
the tanks will be delivered to a company which is currently building a chemical tank farm in antwerp northern belgium,1,1,True
after the transaction tikkurila has no powder coatings related operations,1,1,True
the company had net sales of eur 19 8 mn and a pre tax profit of eur 1 8 mn in 2005,1,1,True
pretax profit rose to eur 0 6 mn from eur 0 4 mn in the corresponding period in 2005,2,2,True
gunneflo will be responsible of oriola kd s pharmaceutical trade business in sweden,1,1,True
finnish elevators and escalators maker kone corporation said on tuesday 18 march that it has received a major order from sir robert mcalpine to supply all elevators and escalators for the watermark place project in the city of london,2,2,True
estonian telecoms company elisa s customer numbers cross 400 000 tallinn oct 22 bns the estonian telecommunications company elisa won approximately 50 000 new clients in the nine months of this year bringing the number to 401 800 by the end of september the company said,2,2,True
there did not seem to be enough hours in a day for pekkarinen,1,1,True
the proportion of estonian and lithuanian passengers on the tallinn helsinki route also grew in july,2,2,True
the value of the contracts is about eur 3 3 mn,1,1,True
amanda said that it had already made a usd5 0 m investment commitment in russia partners ii fund in july 2005,1,1,True
economic development in china is no longer taking place only on the east coast and in the shanghai area vauramo says,1,1,True
inge larsen cfo 29 045 shares representing 0 50 of the share capital,1,1,True
operating profit totaled eur 6 7 mn down from eur 7 2 mn in the corresponding period in 2005,0,0,True
the line 4 will run fully underground and will comprise 10 stations which will be executed in two implementation stages,1,1,True
we are selling an information systems development business to the finns,1,1,True
rinkuskiai raised the sales by 18 1 percent to 1 37 million liters while the sales of kauno alus grew by 14 3 percent to 960 000 liters,2,2,True
it is estonia s second largest meat processing company by market share according to ac nielsen s 2008 data 13 percent,1,2,False
finnish suominen corporation that specialises in wet wipes nonwovens and flexible packaging reports net sales of eur 44 1 mn in the second quarter of 2010 up from eur 43 3 mn in the second quarter of 2009,2,2,True
diluted earnings per share eps rose to eur 1 05 from eur 0 64,2,2,True
upon establishment the plan is directed to approximately 20 persons,1,1,True
when dialing in the participants should quote 877417 as conference id,1,1,True
international operations accounted for over 80 of net sales,1,1,True
however two of the previously ordered sets will start producing electricity at the end of october 2010 it said,1,1,True
the business had gross written premiums of eur152 4 m 91 5 m in 2000 a net combined ratio of 133 and 175 staff in total with offices in the uk germany and benelux,1,1,True
performance in the second half of 2009 exceeded expectations,2,2,True
cencorp headquartered in virkkala finland develops and supplies automation solutions to the electronics and semiconductor industry that enhance productivity,1,1,True
the last quarter was the best quarter of 2009 in net sales and the operating margin rose to 12 2,2,2,True
vaisala headquartered in helsinki in finland develops and manufactures electronic measurement systems for meteorology environmental sciences traffic and industry,1,1,True
our customers include companies in the energy and process industry sectors in particular,1,1,True
finnish outotec has been awarded a contract to supply a new zinc roaster with gas cleaning and sulphuric acid plant for the ozk kardzhali zinc smelter in bulgaria,2,2,True
net cash from operating activities was a negative eur 0 3 mn compared to eur 30 9 mn in 2009,0,0,True
mr skogster currently serves as the manager responsible for abb oy s system modules for low voltage drives,1,1,True
yvonne jones is owner of chameleon interiors,1,1,True
the reasons behind the estimate include the rise in 2008 rent levels and several fully leased office and retail properties which were completed and added to the company s investment property portfolio,1,2,False
finnish dental care group oral hammaslaakarit oyj posted a total net profit of 849 000 euro $ 1 1 mln in the first nine months of 2006 versus a net loss of 331 000 euro $ 421 000 in the same period of 2005,2,2,True
a january 11 2010 ephc board of directors has approved an increase in the quarterly dividend from $ 0 03 to $ 0 05 per share,2,2,True
we are honored to be acknowledged for our commitment to the industry especially in asia pacific,2,2,True
in 2007 alma media s operating profit was about eur 53mn,1,1,True
last month outokumpu sold more than 80 percent of its technology unit outokumpu technology oyj to further its strategic goal of becoming the world s largest stainless steel maker,2,2,True
finland s technopolis is planning to bring the first section of a technopark on stream in st petersburg at the end of 2008 kari mikkonen vice president of technopolis told reporters in helsinki,1,1,True
profit for the period totaled eur 39 4 mn up from eur 33 9 mn in the corresponding period in 2006,2,2,True
the combined activities will create value for shareholders and be good for our employees and customers,2,2,True
the properties were purchased from swedish private equity real estate firm niam and goldman sachs whitehall street real estate funds,1,1,True
the agreement will provide the switch with double the converter capacity whilst opening up further manufacturing locations in china,2,2,True
finnair s total traffic decreased by 8 7 in terms of revenue passenger kilometres,0,0,True
no planned closing date was provided,1,1,True
this one was at one time targeted for june 5 but if we had to guess it s been pushed back maybe we re crazy but we feel like it has n t leaked enough to meet that date at this point,1,1,True
chief executive officer olli pekka kallasvuo s changes on tuesday mark the third time in nine months the company has reshuffled executives and operations as nokia loses ground to apple s iphone and rim s blackberry,0,0,True
adp news nov 6 2008 finnish retail software developer aldata solution oyj omx : ald1v said today that it swung to a net profit of eur 2 1 million usd 2 7 m for the first nine months of 2008 versus a net loss of eu,2,2,True
teliasonera tlsn said the offer is in line with its strategy to increase its ownership in core business holdings and would strengthen eesti telekom s offering to its customers,2,2,True
earnings per share eps are seen at eur 0 56 up from eur 0 38,2,2,True
danske bank is denmark s largest bank with 3 5 million customers,1,1,True
the volume of investments in the two phases of the project is estimated at usd 300mn eur 215 03 mn,1,1,True
reported operating margin was a negative 5 9,0,0,True
vacon recently announced plans to build its north american headquarters at 5 business park in chambersburg,1,1,True
the secondary antenna can also be used for reception of the high power signal of the radar to calibrate the transmission channels of the radar,1,1,True
benefon will turn the salo unit into a b2b business unit and establish a b2c business unit in the uk,1,1,True
finnish electronics contract maker incap oyj said on january 3 2008 it sold its manufacturing facilities in helsinki to local real estate company sponda oyj for 5 3 mln euro $ 7 8 mln,1,1,True
vaisala also said it expects net sales of eur 253 2 million for 2010 compared with eur 252 2 million recorded in 2009,2,0,False
net investment income,1,1,True
consolidated net sales increased 16 to reach eur74 8 m while operating profit amounted to eur0 9 m compared to a loss of eur0 7 m in the prior year period,2,2,True
of course we are in talks with all those coming up with new projects that involve material handling konecranes president and ceo pekka lundmark said when asked whether it was talking to reliance industries for supplying equipment to its upcoming refinery in jamnagar,1,1,True
finnish kci konecranes has been awarded an order for four hot metal ladle cranes by indian steel producer bhushan steel & strips to be delivered in 2007,2,2,True
competition authorities will have to approve the deal before it can be finalized,1,1,True
these financing arrangements will enable the company to ensure in line with its treasury policy that it has sufficient financial instruments at its disposal for its potential capital requirements,2,2,True
it has80 branches in finland with annual revenue in finland of,1,1,True
about 36 of this came from aspo chemicals 39 from aspo shipping and 25 from aspo systems,1,1,True
as a condition to the deal savcor alfa has to have bought photonium and akseli lahtinen inc s business operations prior to the deal,1,1,True
profit before taxes decreased to eur 31 6 mn from eur 50 0 mn the year before,0,0,True
the market making in accordance with the agreement will begin on september 24 2009,1,1,True
the company is also seeking possibilities to relocate the luumaki personnel some 50 people to other upm mills,1,1,True
peigs www peigs se will become part of sardus latta maltider light meals unit,1,1,True
mr ashley deputy executive chairman of sports direct sold a 43pc stake in the company for more than pounds 900m at the time of the float,1,1,True
in china finnish kone that provides elevators escalators and solutions for modernisation and maintenance will build 342 escalators that will be installed in a high speed railway section between beijing and shanghai in a 1 5 years time,2,1,False
our in depth expertise extends to the fields of energy industry urban & mobility and water & environment,1,1,True
in the end of 2006 the number of outlets will rise to 60 70,2,1,False
kalmar has been awarded a new 5 year contract to supply its rough terrain container handler rtch,2,2,True
nevertheless the development can not be allowed to ruin the print newspaper which continues to be sanoma news main medium,1,0,False
the reductions will be concluded by autumn 2010,1,1,True
the acquisition is expected to improve access to chrome ore resources in turkey,2,2,True
ruukki s order book at the end of 2010 was 30 up year on year and 10 up quarter on quarter,2,2,True
adpnews oct 21 2009 finland based it consultancy tieto oyj hel : tie1v said today its net profit plunged to eur 29 4 million usd 43 9 m for the first nine months of 2009 from eur 58 7 million for the same period o,0,0,True
op pohjola group s capital adequacy ratio under the act on credit institutions stood at 12 1 and tier 1 ratio at 12 1,1,1,True
halonen s office acknowledged receiving the letter but declined comment,1,1,True
rautaruukki said construction group yit has awarded it a 2 5 mln eur contract to supply the steel structures for a new bridge spanning the kemijoki river in northern finland,2,2,True
finnish investment company neomarkka is the main owner of kuitu finland s successor,1,1,True
the process technology project management basic engineering and quality assurance within forest industry will be consolidated in vantaa southern finland,1,1,True
beijing xfn asia hong kong listed standard chartered bank said it has signed a china mobile phone dealer financing agreement with nokia making it the first foreign bank to offer financing to the country s small and medium enterprise lr,2,2,True
as part of the reorganization kauko telko ltd will be divided into telko ltd leipurin ltd hamina terminal services ltd and kaukomarkkinat ltd,1,1,True
the company s plant in russia will continue to make tyres for its near markets while the plant in nokia in finland will manufacture tyres for other markets,1,1,True
operating profit rose by 26 9 to eur 105 8 83 4 million,2,2,True
the company is well positioned in brazil and uruguay,2,2,True
ionphase s second major owner is venture capital firm aura capital,1,1,True
when this information was released on 5 september 2008 nokia s american depositary shares fell by 8,0,0,True
by separating side businesses we will be able to faster expand and develop tapro retail network,2,2,True
through the new production lines at the novator mill in veliky ustjug vologda oblast sveza will change its current 1 5 m by 1 5 m birch plywood production targeting the domestic market to produce 1 5 m by 3 0 m overlaid birch plywood for the global market,1,2,False
the development of the technological park which will specialize in telecommunications and information technologies is part of the state program for the formation of technoparks for hi tech sectors in russia,1,1,True
the parties have agreed not to disclose the price of the deal the group said in a press release,1,1,True
in the second quarter of 2010 the group s net profit rose to eur 3 1 million from eur 2 5 million in april june 2009,2,2,True
together with latvia cramo will operate 54 rental outlets in the baltic states,1,1,True
yit lodged counter claims against neste oil totaling some eur25m primarily based on work carried out under the contract and additional costs incurred due to prolongation of the project,0,0,True
seventy three of those also have more extensive training in products built on the latest archestra technologies such as the wonderware system platform,1,1,True
koduextra is operating a retail chain of 11 stores controlled by finnish non food center ky rukax oy and scan tukka oy,1,1,True
according to ceo hannu syrj+ñnen a new common name and visual identity is required as the group has grown and internationalised,1,1,True
berling capital umo capital and veikko laine are the biggest shareholders in amanda capital,1,1,True
separately yit corporation and austrian firm e ag last week signed an agreement on the sale of e s building system service business in germany austria poland the czech republic hungary and romania for eur 55 mln,2,2,True
the stock price rose 70 0 ores or 0 9 to close at sek77 65 ending a two day streak of losses,2,2,True
qualcomm estimated a first quarter profit between 46 and 50 cents a share excluding certain items below the analyst estimate of 61 cents a share,0,0,True
finnish electronics contract manufacturer scanfil reports net sales of eur 241 2 mn in 2006 down from eur 321 6 mn in 2005,0,0,True
the world of glass is coming to egypt and we invite visitors from all around the world to attend glass world exhibition 2009 register now at www glassworldex com,1,1,True
efore s results for the last quarter showed an even faster improvement as the company managed to better source its components,2,2,True
finnish retailer stockmann has won approval from the board of swedish rival lindex for a public tender offer with the aim of expanding the companies presence in russia and other cee countries stockmann said monday,2,2,True
a purchase agreement for 7 200 tons of gasoline with delivery at the hamina terminal finland was signed with neste oil oyj at the average platts index for this september plus eight us dollars per month,2,2,True
the front surfaces of these valve plates are directed towards each other,1,1,True
according to hkscan finland the plan is to increase j+ñrvi suomen portti s net sales to eur 80mn to eur 100mn,2,2,True
m2 communications disclaims all liability for information provided within information on on the world wide web,1,1,True
the measures taken will cause one time costs during the final part of 2006,1,1,True
mr clausen however refused to comment the option that nordea would consider buying into citadele bank,1,1,True
why put up costly cell phone towers in thinly populated areas when a few balloons would do,1,1,True
forestries were also higher driven by yesterday s bullish analyst comment on stora enso in dagens industri dealers said,2,2,True
okmetic has a global customer base and sales network production plants in finland and the us and contract manufacturers in japan and china,1,1,True
cash flow from operating activities before investments was eur 7 6 million eur 2 5 million,1,1,True
the major breweries increased their domestic beer sales by 4 5 per cent last year to 256 88 million litres from 245 92 million litres in 2004,2,2,True
the value of the deal exceeds eur500 000 the company said,1,1,True
equity ratio was 60 9 compared to 54 2 in the third quarter of 2007 net sales of the frozen foods business totaled eur 11 0 up by about 5 from the third quarter of 2006,2,2,True
both operating profit and net sales for the six month period increased respectively from eur18 1 m and eur127 6 m as compared to the corresponding period in 2006,2,2,True
net interest income was eur 152 2 mn up from eur 101 0 mn in 2008,2,2,True
we offer our customers solutions based on renewable raw materials,1,1,True
the contract is for next year,1,1,True
products include consumer electronics devices such as mobile phones and their accessories set top boxes flat panel tvs as well as system solutions products such as infrastructure systems modules and other industrial segment products,1,1,True
the australian company mirabela nickel has awarded outokumpu technology a contract for grinding technology for its nickel sulfide project in bahia state brazil,2,2,True
together they generate aspo s goodwill,1,2,False
simultaneously his responsibility area is extended from legal affairs to cover also mergers and acquisitions,1,1,True
her last position in nokia siemens networks was head of business human resources nsn global it,1,1,True
the device offers multimedia performance along with a host of productivity applications including live stock prices,1,1,True
the company may at any time have in its possession one tenth of all its shares at the maximum,1,1,True
the company said that currently the french distribution unit ragot is located in loudeac normandy the distribution unit waterqueen and line supplier tortue in saint marcel in mid france and the hook manufacturing unit vmc and hook distribution unit vmc europe in morvillars,1,1,True
also the traditional grapevine carries a lot of weight,1,1,True
harold w young is an independent broker working closely with several retailers including ahold usa market basket cvs bj s wholesale club hannaford and cumberland farms,1,1,True
net interest income totaled eur 15 9 mn compared to eur 15 6 mn a year earlier,2,0,False
water treatment products in australia today global research & data services is going to publish a market analysis about the market for chemical water treatment products in australia,1,1,True
latin america currently accounts for approximately 40 of sales at tecnotree company president and ceo eero mertano recently told bnamericas,1,1,True
fiskars r founded in 1649 is one of the oldest companies in the world and is the largest manufacturer of lightweight stainless steel scissors in the u s,1,1,True
raute said it has won an order worth around 15 mln eur to supply several plywood production lines to mills operated by russian wood products company sveza group,2,2,True
filmiteollisuus fine ab will be transferred to talentum oyj in the form of a subsidiary,1,1,True
sanoma magazines net sales are estimated to grow in 2006,2,2,True
net sales dropped by 6 year on year to eur 11 9 million,0,0,True
with this acquisition the wireless modem unit and its approximately 1 100 employees were transferred to renesas electronics corporation,1,1,True
finnish rautaruukki has been awarded a contract to supply and install steel superstructures for the partihallsf+ârbindelsen bridge in gothenburg in sweden,2,2,True
the soapstone deposits in the medvezhyegorsk area are expected to increase tulikivi s current reserves considerably,2,2,True
cash flow from operations totalled eur 2 71 mn compared to a negative eur 0 83 mn in the corresponding period in 2008,2,2,True
aspo s group structure and business operations are continually developed without any predefined schedules,1,1,True
following the issue the number of shares in the swedish company will grow by 9,1,2,False
city24 users can search for homes and properties in all areas where city24 is active even outside their own country,1,1,True
kone s net sales rose by some 14 year on year in the first nine months of 2008,2,2,True
the contract comprises a log handling line a peeling line and a veneer drying and grading line,1,1,True
a downloadable instruction sheet instructional video and project ideas for the award winning everywhere punch tm window system can be found at www fiskars com,1,1,True
finnish pharmaceuticals company orion s net sales rose to eur 190mn in the first quarter of 2009 from eur 180mn in the first quarter of 2008,2,2,True
adp news feb 25 2009 finnish printed circuit board pcb maker aspocomp group oyj hel : acg1v said today it swung to a net profit of eur 300 000 usd 385 000 for 2008 versus a net loss of eur 65 3 million,2,2,True
the contract involves refurbishing the bathrooms of 189 units as well as re plumbing their water and sewer pipes,1,1,True
export accounts for about one tenth of the company s annual turnover of one billion kroons,1,1,True
votorantim celulose e papel vcp is part of the votorantim group a major brazilian conglomerate,1,1,True
also a six year historic analysis is provided for this market,1,1,True
finnish retail software developer aldata solution oyj reported a net loss of 11 7 mln euro $ 17 2 mln for 2007 versus a net profit of 2 5 mln euro $ 3 7 mln for 2006,0,0,True
atria will also buy the shares of kauhajoen teurastamokiinteistot oy kauhajoki slaughterhouse property from itikka co operative,1,1,True
commission income decreased to eur 3 8 mn compared to eur 4 6 mn in the third quarter of 2007,0,0,True
in the baltic countries atria s target is organic growth,1,2,False
this will bring cost savings of about eur 3mn a year,2,2,True
mr koistinen joins from nokia siemens networks where he has held various senior sales management and business development positions since 1997,1,1,True
the authorisation is in force until the end of the next annual general meeting and repeals the authorisation to acquire own shares given by the general meeting held on april 4 2007,1,1,True
according to sweden s minister for local government and financial markets mats odell the decision to sell the state s shares in telecom group teliasonera can only be carried out in cooperation with the state of finland,1,1,True
the category was marked by maturity and the recession,1,1,True
finnish steel maker rautaruukki oyj ruukki said on july 7 2008 that it won a 9 0 mln euro $ 14 1 mln contract to supply and install steel superstructures for partihallsforbindelsen bridge project in gothenburg western sweden,2,2,True
the buildings with about 40 condominiums each will be built in 4 or 5 stages,1,1,True
helsinki afx nokian tyres reported a fourth quarter pretax profit of 61 5 mln eur up from 48 6 mln on the back of strong sales,2,2,True
the value of the contract is eur 25mn,1,1,True
the original name componenta +àm+ñl as a subsidiary of the finnish componenta group has been changed to +àm+ñl components and the company has seen a 63 growth in q1 2010 in comparison to q1 2009,2,2,True
via the move the company aims annual savings of some eur 3 million usd 4 3 m the main part of which are expected to be realized this year,2,2,True
investments span across various product and investment types including retail hospitality office and residential with interests in real estate portfolios non performing loans and corporate restructurings,1,1,True
this combined with foreign investments creates interesting opportunities for solteq,2,2,True
adpnews sep 28 2009 finnish silicon wafers maker okmetic oyj hel : okm1v said it will reduce the number of its clerical workers by 22 worldwide as a result of personnel negotiations completed today,0,0,True
in the video above marimekko s design manager noora niiininoski explains that the brands are a natural fit for each other because they both have a timeless style,1,2,False
fortum also has a blocking stake in northwestern tgk 1,1,1,True
neste oil s board proposed 1 00 eur dividend for the full year 2007 compared with 0 90 eur a year ago,2,0,False
scanfil holdings include 100 of contract electronics manufacturer scanfil ems group,1,1,True
viking will pay eur 130 million for the new ship which will be completed in january 2008,1,1,True
boomeranger boats oy specialises in boat building and designs manufactures and sells customised rigid inflatable boats rib primarily for the baltic sea market,1,1,True
the company also appointed leif rosen head of the special plate unit which includes the quarto plate units in degerfors sweden and new castle usa the unit in willich germany as well as pressplate and prefab in avesta and plate service centre nordic in degerfors,1,1,True
finnish honkarakenne that specialises in the building of log houses is planning to use pine from russian karelia,1,1,True
in addition to the presentations held by president & ceo kai telanne and cfo tuomas itkonen participants will have an opportunity to discuss with other members of the company s management,1,1,True
as a part of the plan the board of directors decided to transfer a maximum of 330 000 shares held by the company in a share issue against payment directed to aspo management oy a holding company acquired by the management,1,1,True
according to acnielsen s scantrack study for the period week 10 of 2005 to week 9 of 2006 coca cola is the market leader in soft drinks in finland,2,2,True
bertrand sciard has been the vice chairman of the board of directors of aldata solution since april 2007,1,1,True
m real corporation stock exchange release 27 august 2009 at 3 15 pm m real has received the eur 190 million cash payment from sappi m real corporation a part of mets+ñliitto group divested its graphic papers business to sappi limited at the end of 2008 for eur 750 million,1,1,True
this solution is an extension to the existing online mediation solution delivered earlier by comptel and ibm,1,1,True
demand seems to have hit bottom now and some signs of improvement can be seen,2,2,True
the russian gas giant invested another 46 million litas in the company in late 2004 and now owns 99 5 percent of its stock capital which amounts to 86 936 million litas,1,1,True
if needed she provides also further information on ferry connections and hotels,1,1,True
both operating profit and net sales for the three month period increased respectively from eur16 0 m and eur139m as compared to the corresponding quarter in 2006,2,2,True
increased trust of our clients in yit can be seen as apartment sales accelerated,2,2,True
the chain posted sales of 298 million euros for full 2005 a rise of 19 5 percent year on year,2,2,True
october december sales were 302 mln eur or a 25 3 pct increase year on year,2,2,True
